timestamp,device_id,device_name,device_type,P1_FCV01D,P1_FCV01Z,P1_FCV02D,P1_FCV02Z,P1_FCV03D,P1_FCV03Z,P1_FT01,P1_FT01Z,P1_FT02,P1_FT02Z,P1_FT03,P1_FT03Z,P1_LCV01D,P1_LCV01Z,P1_LIT01,P1_PCV01D,P1_PCV01Z,P1_PCV02D,P1_PCV02Z,P1_PIT01,P1_PIT01_HH,P1_PIT02,P1_PP01AD,P1_PP01AR,P1_PP01BD,P1_PP01BR,P1_PP02D,P1_PP02R,P1_PP04,P1_PP04D,P1_PP04SP,P1_SOL01D,P1_SOL03D,P1_STSP,P1_TIT01,P1_TIT02,P1_TIT03,P2_24Vdc,P2_ATSW_Lamp,P2_AutoGO,P2_AutoSD,P2_Emerg,P2_MASW,P2_MASW_Lamp,P2_ManualGO,P2_ManualSD,P2_OnOff,P2_RTR,P2_SCO,P2_SCST,P2_SIT01,P2_TripEx,P2_VIBTR01,P2_VIBTR02,P2_VIBTR03,P2_VIBTR04,P2_VT01,P2_VTR01,P2_VTR02,P2_VTR03,P2_VTR04,P3_FIT01,P3_LCP01D,P3_LCV01D,P3_LH01,P3_LIT01,P3_LL01,P3_PIT01,P4_HT_FD,P4_HT_PO,P4_HT_PS,P4_LD,P4_ST_FD,P4_ST_GOV,P4_ST_LD,P4_ST_PO,P4_ST_PS,P4_ST_PT01,P4_ST_TT01,x1001_05_SETPOINT_OUT,x1001_15_ASSIGN_OUT,x1002_07_SETPOINT_OUT,x1002_08_SETPOINT_OUT,x1003_10_SETPOINT_OUT,x1003_18_SETPOINT_OUT,x1003_24_SUM_OUT
2022-08-12 16:20:00,hai-testbed-01,HAI 23.05 industrial testbed,industrial_control_system,22.81114,23.14911,15,12.42981,52.43598,53.88031,62.59917,322.95383,544.39539,1529.48047,239.02892,983.9859,18.85424,18.60199,349.54788,24.73504,24.48425,12,11.68976,0.88974,524320,1.37726,0,0,1,1,1,1,0,0,27.48882,524320,524320,1,32.09534,36.44409,27.4682,28.02558,1,1,119.04872,0,0,0,0,12.92742,1,2880,54778,720.79321,924,1,6.6754,-2.5884,9.6468,-0.8064,12.01998,50,50,50,50,1920,13816,-128,70,17280,30,4077,-0.00014,0.01807,7.94045,344.09363,7e-05,17623,345.72119,320.89117,20.16145,9913,27272,0.05148,1.00147,348.79922,982.02313,1530.70117,26.47805,30.14471
2022-08-12 16:20:01,hai-testbed-01,HAI 23.05 industrial testbed,industrial_control_system,23.33496,23.04993,15,12.42981,52.42813,53.88031,61.64551,325.93298,544.01392,1483.82605,239.02892,983.9859,18.87119,18.60199,349.59897,24.84502,24.48425,12,11.68976,0.8905,524320,1.38565,0,0,1,1,1,1,0,0,27.48882,524320,524320,1,32.08007,36.42883,27.4682,28.02558,1,1,119.04872,0,0,0,0,12.92742,1,2880,54777,720.79321,924,1,6.6754,-3.2998,9.6468,-0.8064,12.01998,50,50,50,50,1920,13816,-128,70,17362,30,4086,-0.00014,0.01807,7.94045,345.66693,0.00203,17715,347.76471,322.93475,20.16145,9913,27268,0.05148,1.0104,348.79922,982.02313,1529.48047,26.47805,30.17447
2022-08-12 16:20:02,hai-testbed-01,HAI 23.05 industrial testbed,industrial_control_system,23.16396,23.13385,15,12.42981,52.42028,53.88031,61.64551,320.96759,544.77686,1483.33777,239.6011,985.29053,18.83854,18.60199,349.70123,24.93499,24.49188,12,11.68976,0.88898,524320,1.38565,0,0,1,1,1,1,0,0,27.48882,524320,524320,1,32.1106,36.42883,27.4682,28.0326,1,1,119.04872,0,0,0,0,12.92742,1,2880,54778,720.86377,924,1,7.149,-2.4957,9.8369,-0.6408,12.03236,50,50,50,50,1902,13816,-128,70,17420,30,4068,-0.00036,0.01807,7.94045,348.4339,-0.00029,17937,348.54242,326.04529,20.16145,9913,27270,0.05148,1.01681,348.79922,982.02313,1483.82605,26.47805,30.19583
2022-08-12 16:20:03,hai-testbed-01,HAI 23.05 industrial testbed,industrial_control_system,22.94318,23.0423,15,12.42981,52.35764,53.88031,61.07325,320.96759,537.52893,1484.31433,239.79187,985.72546,18.76872,18.60199,349.70123,25.03199,24.48425,12,11.68976,0.8905,524320,1.38794,0,0,1,1,1,1,0,0,27.48882,524320,524320,1,32.08007,36.42883,27.4682,28.03345,1,1,119.04872,0,0,0,0,12.92742,1,2880,54777,720.72406,922,1,6.5652,-3.1703,9.8029,-1.0673,11.94038,50,50,50,50,1912,13816,-128,70,17504,30,4087,-0.00014,0.01807,7.94045,349.50092,0.00014,17998,351.54443,327.74518,20.16145,9913,27271,0.05148,1.02173,348.79922,982.02313,1483.33777,26.47805,30.21223
2022-08-12 16:20:04,hai-testbed-01,HAI 23.05 industrial testbed,industrial_control_system,22.91939,23.05755,15,12.42981,52.3263,53.88031,62.02699,317.98807,539.24554,1475.03699,239.02892,983.9859,18.72059,18.60199,349.80344,25.1288,24.48425,12,11.68976,0.89127,524320,1.38641,0,0,1,1,1,1,0,0,27.48882,524320,524320,1,32.09534,36.42883,27.4682,28.03345,1,1,119.04872,0,0,0,0,12.92742,1,2880,54778,720.68945,923,1,7.44,-2.9203,10.1174,-0.7426,11.97638,50,50,50,50,1892,13816,-128,70,17583,30,4039,-0.00014,0.01807,7.94045,352.28589,0,18147,352.77417,330.00574,20.16145,9913,27276,0.05148,1.02905,348.79922,982.02313,1484.31433,26.47805,30.23664
2022-08-12 16:20:05,hai-testbed-01,HAI 23.05 industrial testbed,industrial_control_system,22.69524,23.02704,15,12.42981,52.38455,53.88031,62.78987,322.95383,541.53442,1477.23425,239.21962,984.42072,18.77561,18.60199,349.75232,25.23973,24.48425,12,11.68976,0.89127,524320,1.38794,0,0,1,1,1,1,0,0,27.48882,524320,524320,1,32.09534,36.44409,27.4682,28.03601,1,1,119.04872,0,0,0,0,12.92742,1,2880,54778,720.58392,923,1,6.6405,-2.6363,9.6432,-0.852,12.01737,50,50,50,50,1883,13816,-128,70,17654,30,4020,-0.00014,0.01807,7.94045,351.14661,0.00145,18191,351.59869,331.03662,20.16145,9913,27274,0.05148,1.03775,348.79922,982.02313,1475.03699,26.47805,30.26564
2022-08-12 16:20:06,hai-testbed-01,HAI 23.05 industrial testbed,industrial_control_system,22.45752,23.03467,15,12.42981,52.35844,53.88031,62.21769,326.9259,541.15295,1480.16406,239.21962,984.42072,18.732,18.60199,349.75232,25.334,24.83521,12,11.68976,0.89508,524320,1.38641,0,0,1,1,1,1,0,0,27.48882,524320,524320,1,32.1106,36.44409,27.4682,28.03601,1,1,119.04872,0,0,0,0,12.92742,1,2880,54777,720.58392,923,1,6.6405,-3.3128,9.6432,-0.852,12.01737,50,50,50,50,1873,13216,-128,70,17565,30,3964,-0.00014,0.01807,7.94045,350.2785,0.00101,18260,351.03802,332.44714,20.16145,9913,27284,0.05148,1.04176,348.79922,982.02313,1477.23425,26.47805,30.27899
2022-08-12 16:20:07,hai-testbed-01,HAI 23.05 industrial testbed,industrial_control_system,22.25898,23.02704,15,12.42981,52.34885,53.88031,63.17135,323.94675,544.39539,1479.67578,239.98257,985.29053,18.68258,18.60199,349.54788,25.39463,25.65918,12,11.68976,0.90958,524320,1.38489,0,0,1,1,1,1,0,0,27.48882,524320,524320,1,32.09534,36.42883,27.4682,28.02564,1,1,119.04872,0,0,0,0,12.92742,1,2880,54778,720.54944,922,1,7.2145,-2.5837,9.8707,-0.6761,12.02038,50,50,50,50,1673,12552,-144,70,17592,30,3532,-0.00036,0.01807,7.94045,352.28589,-0.00022,18381,351.68909,334.47266,20.16145,9913,27272,0.05148,1.04279,348.79922,982.02313,1480.16406,26.47805,30.29425
2022-08-12 16:20:08,hai-testbed-01,HAI 23.05 industrial testbed,industrial_control_system,22.00476,23.02704,15,12.42981,52.30273,53.61328,63.93431,328.91214,540.19928,1483.82605,239.02892,986.16028,18.66632,18.60962,349.80344,25.41101,25.77362,12,11.68976,0.91721,524320,1.38489,0,0,1,1,1,1,0,0,27.48882,524320,524320,1,32.09534,36.45935,27.4682,28.03521,1,1,119.04872,0,0,0,0,12.92742,1,2880,54778,720.45355,920,1,6.4886,-2.9523,9.6737,-0.9757,11.97125,50,50,50,50,1267,11928,-144,70,17929,30,3131,-0.00014,0.05423,7.94045,352.62946,0.00051,18487,353.58801,336.263,20.16145,9913,27271,0.05148,1.04633,348.79922,982.02313,1479.67578,26.47805,30.31485
2022-08-12 16:20:09,hai-testbed-01,HAI 23.05 industrial testbed,industrial_control_system,21.89738,22.49298,15,12.42981,52.25313,53.61328,63.55283,332.88461,522.46094,1478.45508,237.88448,983.9859,18.6962,18.60199,349.85458,25.47178,25.70496,12,11.68976,0.92026,524320,1.39252,0,0,1,1,1,1,0,0,27.48882,524320,524320,1,32.1106,36.44409,27.4682,28.03341,1,1,119.04872,0,0,0,0,12.92742,1,2880,54777,720.58453,919,1,7.2939,-3.2193,10.1521,-0.8961,11.94251,50,50,50,50,663,11336,-144,70,17903,30,2841,-0.00036,0.05423,7.94045,355.03473,-0.00217,18628,355.39636,338.32465,20.16145,9913,27276,0.05148,1.05251,348.79922,982.02313,1483.82605,26.47805,30.32553
2022-08-12 16:20:10,hai-testbed-01,HAI 23.05 industrial testbed,industrial_control_system,22.05408,21.94366,15,12.42981,52.3279,53.06396,64.69727,330.89838,509.68167,1455.75,238.07526,981.37659,18.78444,18.60199,349.9057,25.54023,25.71259,12,11.68976,0.92178,524320,1.4093,0,0,1,1,1,1,0,0,27.48882,524320,524320,1,32.1106,36.44409,27.4682,28.03341,1,1,119.04872,0,0,0,0,12.92742,1,2880,54777,720.58453,919,1,7.2939,-2.508,10.1521,-0.8961,11.94251,50,50,50,50,30,10768,-144,70,17796,30,2482,-0.00029,0.05423,7.94045,357.81976,-0.00181,18669,356.15594,339.71716,20.16145,9913,27279,0.05148,1.05572,348.79922,982.02313,1478.45508,26.47805,30.33163
2022-08-12 16:20:11,hai-testbed-01,HAI 23.05 industrial testbed,industrial_control_system,22.12038,21.97418,15,12.42981,52.42965,53.01056,65.46022,336.85709,507.01138,1439.39258,237.50301,981.81158,18.75853,18.60199,349.95679,25.60956,25.70496,12,11.68976,0.92255,524320,1.4093,0,0,1,1,1,1,0,0,27.48882,524320,524320,1,32.09534,36.44409,27.4682,28.03693,1,1,119.04872,0,0,0,0,12.92742,1,2880,54777,720.51447,920,1,6.4672,-2.9885,9.6535,-1.0093,11.97252,50,50,50,50,29,10224,-144,70,17699,30,2101,-0.00029,0.05423,7.94045,358.39844,-0.00029,18727,357.15063,340.98309,20.16145,9913,27271,0.05148,1.05755,348.79922,982.02313,1455.75,26.47805,30.3652
2022-08-12 16:20:12,hai-testbed-01,HAI 23.05 industrial testbed,industrial_control_system,22.00684,22.01996,15,12.42981,52.41396,52.97241,64.88796,340.82953,506.82068,1435.97461,237.50301,980.50684,18.80152,18.60199,350.11014,25.72631,25.71259,12,11.68976,0.92407,524320,1.4093,0,0,1,1,1,1,0,0,27.48882,524320,524320,1,32.1106,36.44409,27.4682,28.04723,1,1,119.04872,0,0,0,0,12.92742,1,2880,54777,720.4444,919,1,7.1878,-3.3079,10.1112,-0.9772,11.93223,50,50,50,50,29,9704,-144,70,17632,30,1626,-0.00029,0.05423,7.94045,359.39307,0.00043,18828,359.75482,342.73724,20.16145,9913,27279,0.05148,1.06762,348.79922,982.02313,1439.39258,26.47805,30.3652
2022-08-12 16:20:13,hai-testbed-01,HAI 23.05 industrial testbed,industrial_control_system,22.00684,22.01996,15,12.42981,52.46961,53.05634,64.69727,337.84998,508.53729,1435.73047,237.50301,980.50684,18.77934,18.60199,350.26352,25.72631,25.71259,12,11.68976,0.92407,524320,1.41159,0,0,1,1,1,1,0,0,27.48882,524320,524320,1,32.1106,36.44409,27.4682,28.03601,1,1,119.04872,0,0,0,0,12.92742,1,2880,54776,720.58466,918,1,7.2726,-2.6138,9.9029,-0.6626,12.00586,50,50,50,50,29,9224,-144,70,17572,30,1379,-7e-05,0.05423,7.94045,358.70587,0.00072,18933,360.02606,344.09363,20.16145,9913,27272,0.05148,1.06762,348.79922,982.02313,1435.97461,26.47805,30.3694
2022-08-12 16:20:14,hai-testbed-01,HAI 23.05 industrial testbed,industrial_control_system,21.81324,21.94366,15,12.42981,52.47567,53.04108,64.12508,336.85709,511.58905,1437.92773,237.88448,980.50684,18.75632,18.60199,350.46796,25.79744,25.78888,12,11.68976,0.92484,524320,1.41159,0,0,1,1,1,1,0,0,27.48882,524320,524320,1,32.1106,36.45935,27.4682,28.03862,1,1,119.04872,0,0,0,0,12.92742,1,2880,54776,720.44507,918,1,6.5614,-2.7371,9.6102,-0.9275,12.00834,50,50,50,50,28,8760,-144,70,17557,30,1190,-0.00029,0.05423,7.94045,360.2431,0.00311,18967,360.38776,345.75739,20.16145,9913,27274,0.05148,1.06888,348.79922,982.02313,1435.73047,26.47805,30.39305
2022-08-12 16:20:15,hai-testbed-01,HAI 23.05 industrial testbed,industrial_control_system,21.5968,22.07336,15,12.42981,52.48174,53.05634,63.7436,333.87793,505.29477,1441.83398,237.3123,981.37659,18.68865,18.60199,350.67242,25.90309,25.79651,12,11.68976,0.92484,524320,1.41235,0,0,1,1,1,1,0,0,27.48882,524320,524320,1,32.1106,36.44409,27.4682,28.03862,1,1,119.04872,0,0,0,0,12.92742,1,2880,54776,720.44507,918,1,6.5614,-3.3668,9.6102,-0.9275,12.00834,50,50,50,50,28,8328,-144,70,17608,30,943,-7e-05,0.05423,7.94045,361.70795,7e-05,19045,361.63556,346.82434,20.16145,9913,27272,0.05148,1.07597,348.79922,982.02313,1437.92773,26.47805,30.39648
2022-08-12 16:20:16,hai-testbed-01,HAI 23.05 industrial testbed,industrial_control_system,21.3414,21.84448,15,12.42981,52.45127,53.05634,63.93431,331.89169,504.9133,1433.77734,237.88448,980.07202,18.70509,18.60199,350.51907,25.98407,25.79651,12,11.68976,0.92331,524320,1.41235,0,0,1,1,1,1,0,0,27.48882,524320,524320,1,32.1106,36.44409,27.4682,28.03257,1,1,119.04872,0,0,0,0,12.92742,1,2880,54776,720.48022,917,1,7.4066,-2.9497,10.0714,-0.7911,11.97218,50,50,50,50,28,7912,-144,70,17678,30,850,-7e-05,0.05423,7.94045,363.49829,-0.00051,19108,362.84723,347.72864,20.16145,9913,27270,0.05148,1.077,348.79922,982.02313,1441.83398,26.47805,30.40487
2022-08-12 16:20:17,hai-testbed-01,HAI 23.05 industrial testbed,industrial_control_system,21.27658,21.84448,15,12.42981,52.50865,53.05634,64.88796,332.88461,507.39285,1433.28906,236.74011,981.37659,18.67801,18.60199,350.72357,26.08138,25.79651,12,11.68976,0.92407,524320,1.41006,0,0,1,1,1,1,0,0,27.48882,524320,524320,1,32.1106,36.45935,27.4682,28.0351,1,1,119.04872,0,0,0,0,12.92742,1,2880,54776,720.34015,917,1,6.8835,-2.5071,9.6768,-0.769,12.03662,50,50,50,50,28,7512,-144,70,17822,30,784,-0.0047,0.05423,7.94045,363.1004,0.00123,19140,364.96313,349.10303,20.16145,9913,27278,0.05148,1.08639,348.79922,982.02313,1433.77734,26.47805,30.42776
2022-08-12 16:20:18,hai-testbed-01,HAI 23.05 industrial testbed,industrial_control_system,21.10015,21.36383,15,12.42981,52.46167,53.05634,64.69727,337.84998,490.60818,1436.46289,237.3123,978.76746,18.7473,18.60199,350.62134,26.19153,25.79651,12,11.68976,0.92255,524320,1.42303,0,0,1,1,1,1,0,0,27.48882,524320,524320,1,32.14111,36.44409,27.4682,28.03432,1,1,119.04872,0,0,0,0,12.92742,1,2880,54776,720.33966,916,1,6.5087,-3.1579,9.7365,-1.1072,11.95014,50,50,50,50,28,7128,448,70,17814,30,707,-0.00854,1.55527,7.94045,363.17279,0.00521,18930,352.28589,346.31799,20.16145,9913,27271,0.05148,1.08971,348.79922,982.02313,1433.28906,26.47805,30.43882
2022-08-12 16:20:19,hai-testbed-01,HAI 23.05 industrial testbed,industrial_control_system,20.84274,20.90606,15,12.42981,52.57384,53.05634,64.50648,336.85709,470.39032,1411.29688,237.3123,980.07202,18.71661,18.60199,350.87689,26.29812,25.79651,12,11.68976,0.92407,524320,1.43677,0,0,1,1,1,1,0,0,27.48882,524320,524320,1,32.12585,36.4746,27.4682,28.03686,1,1,119.04872,0,0,0,0,12.92742,1,2880,54776,720.51495,918,1,7.2832,-3.2517,10.1415,-0.943,11.94315,50,50,50,50,29,6776,1424,70,17910,30,641,-0.00644,6.43808,7.94045,366.64496,0.00174,18852,347.43921,344.25635,20.16145,9913,27275,0.05148,1.09131,348.79922,982.02313,1436.46289,26.47805,30.44416
2022-08-12 16:20:20,hai-testbed-01,HAI 23.05 industrial testbed,industrial_control_system,21.37633,20.89081,15,12.42981,52.53207,53.05634,64.12508,335.86374,474.77722,1377.49268,236.74011,980.07202,18.67573,18.60962,350.87689,26.3821,25.78888,12,11.68976,0.92407,524320,1.43829,0,0,1,1,1,1,0,0,27.48882,524320,524320,1,32.14111,36.4746,27.4682,28.03686,1,1,119.04872,0,0,0,0,12.92742,1,2880,54776,720.51495,918,1,7.2832,-2.5549,10.1415,-0.943,11.94315,50,50,50,50,29,6440,2416,70,17923,30,587,-0.00441,10.10925,7.94045,365.52374,0.00123,18719,339.60864,342.01392,20.16145,9913,27272,0.05148,1.08089,348.79922,982.02313,1411.29688,26.47805,30.40945
2022-08-12 16:20:21,hai-testbed-01,HAI 23.05 industrial testbed,industrial_control_system,21.05511,20.89081,15,12.42981,52.53987,53.05634,64.31578,333.87793,466.19412,1384.82751,237.50301,978.76746,18.72863,18.60199,350.87689,26.41105,25.78888,12,11.68976,0.92636,524320,1.44135,0,0,1,1,1,1,0,0,27.48882,524320,524320,1,32.14111,36.4746,27.4682,28.03862,1,1,119.04872,0,0,0,0,12.92742,1,2880,54777,720.5498,919,1,6.4793,-2.9196,9.6394,-1.0016,11.98597,50,50,50,50,29,6112,3264,70,17883,30,518,-0.00318,14.4314,7.94045,368.01941,-0.00087,18696,333.85779,340.60327,20.16145,9913,27281,0.05148,1.07472,348.79922,982.02313,1377.49268,26.47805,30.38885
2022-08-12 16:20:22,hai-testbed-01,HAI 23.05 industrial testbed,industrial_control_system,21.07939,20.89081,15,12.42981,52.60247,53.05634,65.46022,334.87082,469.24588,1370.47656,237.88448,980.50684,18.66259,18.60199,351.08136,26.445,26.42212,12,11.68976,0.93018,524320,1.43982,0,0,1,1,1,1,0,0,27.48882,524320,524320,1,32.15637,36.4746,27.4682,28.03949,1,1,119.04872,0,0,0,0,12.92742,1,2880,54777,720.54962,919,1,7.1386,-3.3189,10.1229,-0.9983,11.92455,50,50,50,50,29,5808,4080,70,17845,30,455,-0.00203,17.66852,7.94045,368.27252,-0.00072,18556,329.26434,338.4693,20.16145,9913,27276,0.05148,1.06876,348.79922,982.02313,1384.82751,26.47805,30.36901
2022-08-12 16:20:23,hai-testbed-01,HAI 23.05 industrial testbed,industrial_control_system,20.79329,20.89081,15,12.42981,52.54244,53.05634,67.36754,340.82953,468.67371,1375.5791,237.50301,981.37659,18.59161,18.60199,351.13251,26.46791,26.91803,12,11.68976,0.9462,524320,1.44287,0,0,1,1,1,1,0,0,27.48882,524320,524320,1,32.14111,36.4746,27.4682,28.03946,1,1,119.04872,0,0,0,0,12.92742,1,2880,54777,720.44476,919,1,7.2883,-2.6566,9.9243,-0.6876,12.00333,50,50,50,50,29,5512,4848,70,17808,30,397,-0.0008,20.76099,7.94045,369.14062,0.00094,18417,323.65808,336.28113,20.16145,9916,27281,0.05148,1.0651,348.79922,982.02313,1370.47656,26.47805,30.35681
2022-08-12 16:20:24,hai-testbed-01,HAI 23.05 industrial testbed,industrial_control_system,20.60997,20.89081,15,12.42981,52.51197,53.05634,66.41388,350.76031,469.24588,1374.62244,237.88448,980.50684,18.61223,18.60199,351.28586,26.43386,26.93329,12,11.68976,0.95078,524320,1.44058,0,0,1,1,1,1,0,0,27.48882,524320,524320,1,32.14111,36.4746,27.4682,28.03946,1,1,119.04872,0,0,0,0,12.92742,1,2880,54777,720.44476,919,1,7.2883,-2.6566,9.9243,-0.6876,12.00333,50,50,50,50,29,5232,5552,70,17753,30,367,-0.00036,24.3598,7.94045,369.03217,-0.0008,18293,322.60925,334.47266,20.16145,9920,27278,0.05148,1.05904,348.79922,982.02313,1375.5791,26.47805,30.33659
2022-08-12 16:20:25,hai-testbed-01,HAI 23.05 industrial testbed,industrial_control_system,20.38546,20.89081,15,12.42981,52.55109,53.05634,66.41388,345.79492,471.72546,1375.5791,237.88448,981.37659,18.54827,18.60199,351.59253,26.43744,26.87225,12,11.68976,0.95459,524320,1.44135,0,0,1,1,1,1,0,0,27.48882,524320,524320,1,32.17162,36.48986,27.4682,28.03601,1,1,119.04872,0,0,0,0,12.92742,1,2880,54777,720.44489,919,1,6.9562,-3.3709,10.0416,-1.0876,11.92516,50,50,50,50,29,4976,6208,70,17747,30,320,0.00014,27.05438,7.94045,370.13525,-0.0008,18242,320.33057,333.35144,20.16145,9933,27272,0.05148,1.0524,348.79922,982.02313,1374.62244,26.47805,30.31446
2022-08-12 16:20:26,hai-testbed-01,HAI 23.05 industrial testbed,industrial_control_system,20.09085,20.89081,15,12.42981,52.52063,53.05634,66.98606,345.79492,473.44208,1379.72498,236.93082,981.37659,18.49035,18.60199,351.74588,26.43669,26.86462,12,11.68976,0.95612,524320,1.44135,0,0,1,1,1,1,0,0,27.48882,524320,524320,1,32.14111,36.4746,27.4682,28.03689,1,1,119.04872,0,0,0,0,12.92742,1,2880,54777,720.4798,920,1,7.3949,-2.7965,10.0345,-0.7248,11.98678,50,50,50,50,29,4728,6816,70,17708,30,283,0.00065,29.58624,7.94045,371.50964,-0.00094,18165,318.37744,331.86847,20.16145,9940,27280,0.05148,1.04576,348.79922,982.02313,1375.5791,26.47805,30.29234
2022-08-12 16:20:27,hai-testbed-01,HAI 23.05 industrial testbed,industrial_control_system,19.8479,20.89081,15,12.42981,52.52321,53.05634,67.17683,348.77408,474.58646,1382.59521,236.93082,979.20227,18.54456,18.60199,351.84814,26.44274,26.89514,12,11.68976,0.95688,524320,1.44211,0,0,1,1,1,1,0,0,27.48882,524320,524320,1,32.15637,36.48986,27.4682,28.03601,1,1,119.04872,0,0,0,0,12.92742,1,2880,54777,720.58478,919,1,6.6864,-2.6184,9.6448,-0.8558,12.02199,50,50,50,50,29,4488,7360,70,17701,30,245,0.00087,31.97339,7.94045,372.37775,0.00101,18056,317.03918,330.36749,20.16145,9933,27278,0.05148,1.04221,348.79922,982.02313,1379.72498,26.47805,30.28051
2022-08-12 16:20:28,hai-testbed-01,HAI 23.05 industrial testbed,industrial_control_system,19.58954,20.89081,15,12.42981,52.61712,53.05634,68.13049,349.76736,470.39032,1384.50854,238.26596,979.20227,18.52619,18.60199,352.25708,26.46493,26.91803,12,11.68976,0.95993,524320,1.44287,0,0,1,1,1,1,0,0,27.48882,524320,524320,1,32.14111,36.48986,27.4682,28.03689,1,1,119.04872,0,0,0,0,12.92742,1,2880,54777,720.37476,918,1,6.7883,-2.6184,9.9646,-1.108,11.9236,50,50,50,50,29,4264,7360,70,17701,30,208,0.00109,34.74036,7.94045,372.99261,0.00043,18056,316.73175,328.93878,20.16145,9933,27278,0.05148,1.03603,348.79922,982.02313,1382.59521,26.47805,30.25991
2022-08-12 16:20:29,hai-testbed-01,HAI 23.05 industrial testbed,industrial_control_system,19.49213,20.37201,15,12.42981,52.6284,53.05634,66.60458,354.73276,459.51843,1377.49268,236.93082,982.2464,18.33284,18.60199,352.30817,26.50479,26.85699,12,11.68976,0.95917,524320,1.44745,0,0,1,1,1,1,0,0,27.48882,524320,524320,1,32.15637,36.50513,27.4682,28.03689,1,1,119.04872,0,0,0,0,12.92742,1,2880,54777,720.37476,918,1,6.7883,-2.9642,9.9646,-1.108,11.9236,50,50,50,50,29,4264,7888,70,17587,30,208,0.00109,34.74036,7.94045,372.99261,0.00043,17973,316.73175,328.93878,20.16145,9940,27280,0.05148,1.03443,348.79922,982.02313,1384.50854,26.47805,30.25457
2022-08-12 16:20:30,hai-testbed-01,HAI 23.05 industrial testbed,industrial_control_system,19.55447,19.50989,15,12.42981,52.51183,53.05634,67.55824,346.78784,431.09891,1359.31482,237.1216,979.20227,18.43234,18.60199,352.6149,26.51833,26.85699,12,11.68976,0.96069,524320,1.46805,0,0,1,1,1,1,0,0,27.48882,524320,524320,1,32.15637,36.48986,27.4682,28.03777,1,1,119.04872,0,0,0,0,12.92742,1,2880,54777,720.31311,919,1,6.835,-2.5345,9.6749,-0.8045,12.03421,50,50,50,50,29,4048,8336,70,17485,30,156,0.00109,36.78387,7.94045,372.64899,-0.00036,17925,315.39349,328.17926,20.16145,9933,27278,0.05148,1.03191,348.79922,982.02313,1377.49268,26.47805,30.24618
2022-08-12 16:20:31,hai-testbed-01,HAI 23.05 industrial testbed,industrial_control_system,20.0894,19.38019,15,12.42981,52.63879,53.05634,68.13049,351.75323,428.61935,1311.79736,237.88448,979.63727,18.35961,18.60199,352.6149,26.52687,26.85699,12,11.68976,0.95993,524320,1.47491,0,0,1,1,1,1,0,0,27.48882,524320,524320,1,32.17162,36.50513,27.4682,28.03774,1,1,119.04872,0,0,0,0,12.92742,1,2880,54776,720.51495,919,1,6.6144,-3.2606,9.8334,-1.1315,11.92858,50,50,50,50,29,3840,8784,70,17496,30,134,0.00137,38.68268,7.94045,371.58203,0.00043,17863,314.85101,326.94952,20.16145,9936,27278,0.05148,1.02814,348.79922,982.02313,1359.31482,26.47805,30.23359
2022-08-12 16:20:32,hai-testbed-01,HAI 23.05 industrial testbed,industrial_control_system,19.94142,19.34967,15,12.42981,52.63181,53.05634,68.3212,354.73276,427.85638,1307.65161,237.50301,981.37659,18.28082,18.60962,352.76825,26.54297,26.85699,12,11.68976,0.96069,524320,1.47415,0,0,1,1,1,1,0,0,27.48882,524320,524320,1,32.14111,36.52039,27.4682,28.03517,1,1,119.04872,0,0,0,0,12.92742,1,2880,54777,720.51489,919,1,7.4206,-3.133,10.157,-0.8994,11.95041,50,50,50,50,29,3656,9152,70,17349,30,106,0.00109,40.90717,7.94045,375.70532,-0.0008,17891,316.96692,327.13037,20.16145,9939,27283,0.05148,1.02402,348.79922,982.02313,1311.79736,26.47805,30.21986
2022-08-12 16:20:33,hai-testbed-01,HAI 23.05 industrial testbed,industrial_control_system,19.77637,19.34967,15,12.42981,52.5683,53.05634,67.55824,355.72568,427.47498,1306.37585,238.64743,980.50684,18.27638,18.60199,352.76825,26.5686,26.85699,12,11.68976,0.96222,524320,1.47568,0,0,1,1,1,1,0,0,27.48882,524320,524320,1,32.15637,36.52039,27.4682,28.03517,1,1,119.04872,0,0,0,0,12.92742,1,2880,54776,720.51489,919,1,7.4206,-2.499,10.157,-0.8994,11.95041,50,50,50,50,29,3472,9536,70,17403,30,72,0.00109,42.51666,7.94045,377.58606,-0.00029,17877,319.19128,326.82294,20.16145,9942,27279,0.05148,1.02356,348.79922,982.02313,1307.65161,26.47805,30.21833
2022-08-12 16:20:34,hai-testbed-01,HAI 23.05 industrial testbed,industrial_control_system,19.57979,19.40307,15,12.42981,52.60742,53.05634,67.55824,351.75323,426.71204,1305.73816,238.45674,983.11615,18.15795,18.60199,353.07492,26.59743,26.85699,12,11.68976,0.96298,524320,1.47339,0,0,1,1,1,1,0,0,27.48882,524320,524320,1,32.17162,36.52039,27.4682,28.03862,1,1,119.04872,0,0,0,0,12.92742,1,2880,54777,720.40918,919,1,6.5107,-3.1503,9.7077,-1.162,11.95467,50,50,50,50,28,3296,9888,70,17292,30,47,0.00101,44.08997,7.94045,380.67853,-0.00347,17939,322.12097,327.36548,20.16145,9939,27274,0.05148,1.02459,348.79922,982.02313,1306.37585,26.47805,30.22177
2022-08-12 16:20:35,hai-testbed-01,HAI 23.05 industrial testbed,industrial_control_system,19.38318,19.34967,15,12.42981,52.50389,53.05634,68.13049,351.75323,428.81012,1304.46252,238.64743,982.6814,18.103,18.60199,353.33054,26.60719,26.85699,12,11.68976,0.96146,524320,1.47415,0,0,1,1,1,1,0,0,27.48882,524320,524320,1,32.15637,36.52039,28.39069,28.02997,1,1,119.04872,0,0,0,0,12.92742,1,2880,54777,720.51385,918,1,7.342,-3.2505,10.1139,-1.0424,11.94326,50,50,50,50,29,3048,10224,70,17322,30,28,0.00109,45.93463,7.94045,381.76355,-0.00022,17890,318.99231,326.841,20.16145,9940,27278,0.05148,1.02127,348.79922,982.02313,1305.73816,26.47805,30.2107
2022-08-12 16:20:36,hai-testbed-01,HAI 23.05 industrial testbed,industrial_control_system,19.12653,19.34967,15,12.42981,52.51778,53.05634,67.55824,354.73276,428.81012,1307.97058,238.26596,983.11615,18.02104,18.60199,353.535,26.63473,26.85699,12,11.68976,0.96222,524320,1.47339,0,0,1,1,1,1,0.25265,0,27.48882,524320,524320,1,32.15637,36.52039,28.39069,28.03169,1,1,119.04872,0,0,0,0,12.92742,1,2880,54776,720.38336,919,1,7.1845,-2.5515,9.7849,-0.7831,12.02633,50,50,50,50,29,2896,10544,70,17284,30,24,0.00087,47.27289,7.94045,386.10388,-0.00203,17911,325.23151,327.29309,20.16145,9942,27276,0.05148,1.01944,348.79922,982.02313,1304.46252,26.47805,30.2046
2022-08-12 16:20:37,hai-testbed-01,HAI 23.05 industrial testbed,industrial_control_system,18.92816,19.34967,15,12.42981,52.49689,53.05634,67.74902,351.75323,432.81552,1307.97058,238.45674,982.2464,17.99759,18.60199,353.535,26.68976,26.86462,12,11.68976,0.96146,524320,1.47186,0,0,1,1,1,1,0.29775,0,27.48882,524320,524320,1,32.14111,36.52039,28.39069,28.03598,1,1,119.04872,0,0,0,0,12.92742,1,2880,54777,720.33875,919,1,6.4973,-2.9809,9.624,-1.1116,11.98027,50,50,50,50,29,2752,10832,70,17201,30,25,0.00109,48.55688,7.94045,385.74219,-0.00072,17912,324.52618,327.2569,20.16145,9940,27278,0.05148,1.02516,348.79922,982.02313,1307.97058,26.47805,30.22444
2022-08-12 16:20:38,hai-testbed-01,HAI 23.05 industrial testbed,industrial_control_system,18.62139,19.34967,15,12.42981,52.52905,53.05634,68.51198,352.74652,430.71744,1314.6676,238.07526,982.6814,17.95686,18.60199,353.43274,26.72644,26.85699,12,11.68976,0.96374,524320,1.47263,0,0,1,1,1,1,0.34284,0,27.48882,524320,524320,1,32.15637,36.52039,28.39069,28.03598,1,1,119.04872,0,0,0,0,12.92742,1,2880,54776,720.33875,919,1,6.4973,-3.3415,9.624,-1.1116,11.98027,50,50,50,50,29,2616,11104,70,17185,30,24,0.00087,50.09406,7.94045,388.88892,-0.00065,17937,326.69635,327.72711,20.16145,9943,27276,0.05148,1.02539,348.79922,982.02313,1307.97058,26.47805,30.23245
2022-08-12 16:20:39,hai-testbed-01,HAI 23.05 industrial testbed,industrial_control_system,18.46073,19.34967,15,12.42981,52.50988,53.05634,67.74902,356.71902,426.33054,1311.15955,238.45674,981.81158,17.98441,18.60199,353.535,26.759,26.86462,12,11.68976,0.96374,524320,1.47491,0,0,1,1,1,1,0.38793,0,27.48882,524320,524320,1,32.18689,36.53564,28.39069,28.03949,1,1,119.04872,0,0,0,0,12.92742,1,2880,54777,720.58374,918,1,7.2937,-2.6403,9.9152,-0.7333,12.0066,50,50,50,50,29,2480,11360,70,17147,30,24,0.00087,51.23334,7.94045,390.33563,-0.00231,17959,327.47394,328.05261,20.16145,9940,27274,0.05148,1.02779,348.79922,982.02313,1314.6676,26.47805,30.22825
2022-08-12 16:20:40,hai-testbed-01,HAI 23.05 industrial testbed,industrial_control_system,18.34483,19.34967,15,12.42981,52.54379,53.05634,66.79536,352.74652,428.42865,1303.82471,238.45674,982.6814,17.98441,18.60199,353.79056,26.78442,26.85699,12,11.68976,0.96451,524320,1.47568,0,0,1,1,1,1,0.43303,0,27.48882,524320,524320,1,32.17162,36.56616,28.39069,28.02997,1,1,119.04872,0,0,0,0,12.92742,1,2880,54776,720.54913,918,1,6.5451,-2.8161,9.6277,-1.004,12.00252,50,50,50,50,29,2352,11584,70,17162,30,24,0.00087,52.31848,7.94045,390.02826,0.00123,17956,328.95691,328.37817,20.16145,9939,27281,0.05148,1.02654,348.79922,982.02313,1311.15955,26.47805,30.23855
2022-08-12 16:20:41,hai-testbed-01,HAI 23.05 industrial testbed,industrial_control_system,18.08753,18.5791,15,12.42981,52.5081,53.05634,67.17683,347.78116,413.93274,1307.33276,238.64743,981.81158,17.88012,18.60199,353.99503,26.82803,26.86462,12,11.68976,0.96374,524320,1.48254,0,0,1,1,1,1,0.47812,0,27.48882,524320,524320,1,32.17162,36.53564,28.39069,28.03517,1,1,119.04872,0,0,0,0,12.92742,1,2880,54776,720.26929,919,1,7.0185,-3.3795,10.0588,-1.1262,11.92432,50,50,50,50,29,2240,11808,70,17157,30,25,0.00087,53.56628,7.94045,393.66315,0.00123,17947,328.54089,328.63135,20.16145,9938,27279,0.05148,1.02963,348.79922,982.02313,1303.82471,26.47805,30.23321
2022-08-12 16:20:42,hai-testbed-01,HAI 23.05 industrial testbed,industrial_control_system,18.25146,18.29681,15,12.42981,52.542,53.05634,67.17683,349.76736,409.54587,1283.09558,238.26596,983.11615,17.77066,18.60199,354.19952,26.85619,26.86462,12,11.68976,0.96374,524320,1.4917,0,0,1,1,1,1,0.52321,0,27.48882,524320,524320,1,32.17162,36.56616,28.39069,28.03517,1,1,119.04872,0,0,0,0,12.92742,1,2880,54777,720.26929,919,1,7.0185,-2.7778,10.0588,-1.1262,11.92432,50,50,50,50,29,2128,12016,70,17157,30,24,0.00065,54.52472,7.94045,395.94183,0.0013,18015,331.74188,329.68024,20.16145,9942,27276,0.05148,1.02802,348.79922,982.02313,1307.33276,26.47805,30.23321
2022-08-12 16:20:43,hai-testbed-01,HAI 23.05 industrial testbed,industrial_control_system,18.25146,18.29681,15,12.42981,52.48805,53.05634,66.79536,349.76736,409.16437,1275.76074,239.21962,982.2464,17.74361,18.60199,354.40399,26.88592,26.86462,12,11.68976,0.96374,524320,1.49323,0,0,1,1,1,1,0.52321,0,27.48882,524320,524320,1,32.17162,36.56616,28.39069,28.03338,1,1,119.04872,0,0,0,0,12.92742,1,2880,54776,720.38489,917,1,6.6479,-2.6794,9.5886,-0.9863,12.01903,50,50,50,50,29,2016,12208,70,17163,30,24,0.00058,55.6098,7.94045,396.37592,0.00123,18026,331.45258,329.82495,20.16145,9940,27279,0.05148,1.02802,348.79922,982.02313,1283.09558,26.47805,30.23169
2022-08-12 16:20:44,hai-testbed-01,HAI 23.05 industrial testbed,industrial_control_system,17.95978,18.28918,15,12.42981,52.52021,53.05634,67.74902,347.78116,412.78839,1275.1228,238.83813,984.42072,17.59483,18.60199,354.65958,26.88592,26.86462,12,11.68976,0.96374,524320,1.49399,0,0,1,1,1,1,0.56831,0,27.48882,524320,524320,1,32.17162,36.5509,28.39069,28.03253,1,1,119.04872,0,0,0,0,12.92742,1,2880,54777,720.42023,918,1,6.8319,-3.3767,9.9689,-1.1768,11.92513,50,50,50,50,29,1912,12400,70,17170,30,24,0.00065,56.45978,7.94045,398.02161,0.00029,18083,332.8089,330.54834,20.16145,9942,27283,0.05148,1.02757,348.79922,982.02313,1275.76074,26.47805,30.24237
2022-08-12 16:20:45,hai-testbed-01,HAI 23.05 industrial testbed,industrial_control_system,17.6544,18.28156,15,12.42981,52.428,53.05634,66.60458,352.74652,409.35516,1281.18225,238.83813,983.55096,17.55211,18.56384,354.45511,26.93465,26.86462,12,11.68976,0.96527,524320,1.49399,0,0,1,1,1,1,0.6134,0,27.48882,524320,524320,1,32.17162,36.56616,28.39069,28.03601,1,1,119.04872,0,0,0,0,12.92742,1,2880,54777,720.47906,919,1,7.4244,-2.9152,10.0599,-0.8256,11.97822,50,50,50,50,29,1816,12576,70,17160,30,24,0.00036,57.2193,7.94045,400.26404,-0.00058,18134,334.979,331.09088,20.16145,9942,27275,0.05148,1.03077,348.79922,982.02313,1275.1228,26.47805,30.24771
2022-08-12 16:20:46,hai-testbed-01,HAI 23.05 industrial testbed,industrial_control_system,17.53145,18.28156,15,12.42981,52.45494,53.05634,64.12508,346.78784,409.16437,1275.44189,238.45674,983.55096,17.5516,17.47284,354.35284,26.96856,26.85699,12,11.68976,0.96832,524320,1.49399,0,0,1,1,1,1,0.65849,0,27.48882,524320,524320,1,32.18689,36.56616,28.39069,28.03858,1,1,119.04872,0,0,0,0,12.92742,1,2880,54776,720.30304,919,1,6.8089,-2.5524,9.6645,-0.8698,12.03132,50,50,50,50,29,1728,12720,70,17154,30,24,0.00065,58.12354,7.94045,400.80652,0.00036,18119,334.02057,331.59723,20.16145,9942,27278,0.05148,1.03237,348.79922,982.02313,1281.18225,26.47805,30.25152
2022-08-12 16:20:47,hai-testbed-01,HAI 23.05 industrial testbed,industrial_control_system,17.31776,18.28156,15,12.42981,52.44883,53.05634,63.17135,333.87793,406.30341,1275.1228,237.69377,982.6814,17.5708,17.32025,354.25064,26.9921,26.85699,12,11.68976,0.98434,524320,1.49399,0,0,1,1,1,1,0.74868,0,27.48882,524320,524320,1,32.17162,36.56616,28.39069,28.03858,1,1,119.04872,0,0,0,0,12.92742,1,2880,54776,720.30304,919,1,6.8089,-3.3023,9.6645,-0.8698,12.03132,50,50,50,50,29,1640,12880,70,17180,30,25,0.00036,58.82886,7.94045,401.71082,0.00275,18195,336.08215,332.66418,20.16145,9943,27280,0.05148,1.03352,348.79922,982.02313,1275.44189,26.47805,30.26106
2022-08-12 16:20:48,hai-testbed-01,HAI 23.05 industrial testbed,industrial_control_system,17.18429,17.38891,15,12.42981,52.47924,53.05634,63.7436,328.91214,400.19989,1270.33936,238.07526,980.94177,17.62937,17.4118,354.76181,26.9556,26.85699,12,11.68976,0.99808,524320,1.49933,0,0,1,1,1,1,0.79378,0,27.48882,524320,524320,1,32.18689,36.56616,28.39069,28.02996,1,1,119.04872,0,0,0,0,12.92742,1,2880,54776,720.37354,917,1,7.4373,-3.0743,10.118,-0.9089,11.95672,50,50,50,50,29,1560,13008,70,17136,30,24,0.00036,59.46185,7.94045,402.95862,0.00203,18219,336.93213,333.24292,20.16145,9943,27280,0.05148,1.03672,348.79922,982.02313,1275.1228,26.47805,30.2622
2022-08-12 16:20:49,hai-testbed-01,HAI 23.05 industrial testbed,industrial_control_system,17.12667,17.12951,15,12.42981,52.54967,53.05634,63.93431,331.89169,399.24615,1260.13428,239.21962,981.81158,17.4881,17.41943,354.96628,26.91133,26.85699,12,11.68976,1.00494,524320,1.50009,0,0,1,1,1,1,0.83887,0,27.48882,524320,524320,1,32.18689,36.56616,28.39069,28.03601,1,1,119.04872,0,0,0,0,12.92742,1,2880,54776,720.40808,918,1,6.9709,-2.5179,9.6708,-0.8599,12.03726,50,50,50,50,29,1480,13152,70,17151,30,25,0.00036,60.22137,7.94045,403.86285,-0.00159,18261,337.61938,333.58649,20.16145,9943,27276,0.05148,1.04027,348.79922,982.02313,1270.33936,26.47805,30.27403
2022-08-12 16:20:50,hai-testbed-01,HAI 23.05 industrial testbed,industrial_control_system,16.94074,17.099,15,12.42981,52.51746,53.05634,62.59917,332.88461,399.05545,1258.53955,239.02892,984.42072,17.32026,17.41943,355.17075,26.91322,26.85699,12,11.68976,1.00494,524320,1.50238,0,0,1,1,1,1,0.88396,0,27.48882,524320,524320,1,32.18689,36.58141,28.39069,28.04122,1,1,119.04872,0,0,0,0,12.92742,1,2880,54776,720.44348,918,1,6.5436,-3.1789,9.7387,-1.1922,11.9487,50,50,50,50,29,1408,13264,70,17201,30,24,0.00014,60.74579,7.94045,406.15961,-0.00087,18366,339.91614,334.94287,20.16145,9943,27284,0.05148,1.04313,348.79922,982.02313,1260.13428,26.47805,30.28357
2022-08-12 16:20:51,hai-testbed-01,HAI 23.05 industrial testbed,industrial_control_system,16.72671,17.099,15,12.42981,52.40873,53.05634,63.93431,325.93298,390.47238,1258.2207,239.21962,983.9859,17.2652,17.37366,355.37521,26.94591,26.86462,12,11.68976,1.00952,524320,1.50848,0,0,1,1,1,1,0.92906,0,27.48882,524320,524320,1,32.18689,36.56616,28.39069,28.03426,1,1,119.04872,0,0,0,0,12.92742,1,2880,54775,720.14673,917,1,7.332,-3.2716,10.1626,-1.0148,11.94638,50,50,50,50,29,1336,13392,70,17136,30,25,0.00014,61.3064,7.94045,408.22119,-0.00166,18411,340.56714,335.64813,20.16145,9943,27280,0.05148,1.04198,348.79922,982.02313,1258.53955,26.47805,30.27975
2022-08-12 16:20:52,hai-testbed-01,HAI 23.05 industrial testbed,industrial_control_system,16.74445,17.09137,15,12.42981,52.4174,53.05634,64.88796,332.88461,397.91101,1243.86987,239.02892,984.42072,17.17529,17.4118,355.37521,26.93496,26.85699,12,11.68976,1.01105,524320,1.50314,0,0,1,1,1,1,0.97415,0,27.48882,524320,524320,1,32.20215,36.59668,28.39069,28.03426,1,1,119.04872,0,0,0,0,12.92742,1,2880,54775,720.14673,917,1,7.332,-2.5543,10.1626,-1.0148,11.94638,50,50,50,50,29,1272,13504,70,17132,30,24,0.00022,61.92133,7.94045,406.64789,0.00268,18361,339.60864,335.55768,20.16145,9943,27280,0.05148,1.04748,348.79922,982.02313,1258.2207,26.47805,30.29806
2022-08-12 16:20:53,hai-testbed-01,HAI 23.05 industrial testbed,industrial_control_system,16.3296,17.099,15,12.42981,52.39128,53.05634,63.93431,337.84998,391.8075,1256.30725,238.45674,983.9859,17.15164,17.41943,355.52856,26.97202,26.86462,12,11.69739,1.01028,524320,1.50467,0,0,1,1,1,1,1.01924,0,27.48882,524320,524320,1,32.18689,36.61194,28.39069,28.04034,1,1,119.04872,0,0,0,0,12.92742,1,2880,54776,720.33844,919,1,6.4924,-3.0278,9.624,-1.1589,11.97562,50,50,50,50,29,1208,13584,70,17149,30,24,0.00014,62.39154,7.94045,409.45093,-0.00014,18422,340.24164,336.62469,20.16145,9943,27285,0.05148,1.05057,348.79922,982.02313,1243.86987,26.47805,30.30836
2022-08-12 16:20:54,hai-testbed-01,HAI 23.05 industrial testbed,industrial_control_system,16.27935,17.09137,15,12.42981,52.39996,53.05634,63.7436,332.88461,393.14264,1246.10217,239.4104,982.6814,17.13991,17.4118,355.52856,27.01046,26.86462,12,11.68976,1.008,524320,1.50467,0,0,1,1,1,1,1.06434,0,27.48882,524320,524320,1,32.21741,36.61194,28.39069,28.0447,1,1,119.04872,0,0,0,0,12.92742,1,2880,54776,720.26813,920,1,7.227,-3.0278,10.1068,-1.0897,11.93385,50,50,50,50,29,1144,13696,70,17115,30,24,0.00036,62.80743,7.94045,406.88293,0.00174,18372,341.20013,336.28113,20.16145,9943,27279,0.05148,1.05148,348.79922,982.02313,1256.30725,26.47805,30.31141
2022-08-12 16:20:55,hai-testbed-01,HAI 23.05 industrial testbed,industrial_control_system,16.01019,17.03033,15,12.42981,52.4469,53.05634,63.93431,331.89169,389.51871,1248.33447,238.64743,984.85571,17.01588,17.41943,355.68192,27.04742,26.86462,12,11.68976,1.00723,524320,1.50772,0,0,1,1,1,1,1.10943,0,27.48882,524320,524320,1,32.20215,36.59668,28.39069,28.04038,1,1,119.04872,0,0,0,0,12.92742,1,2880,54776,720.61816,919,1,7.2619,-2.6035,9.845,-0.7897,12.0153,50,50,50,50,29,1088,13776,70,17107,30,24,0.00014,63.34998,7.94045,407.4978,0.0013,18440,341.39899,337.1311,20.16145,9943,27283,0.05148,1.05228,348.79922,982.02313,1246.10217,26.47805,30.31408
2022-08-12 16:20:56,hai-testbed-01,HAI 23.05 industrial testbed,industrial_control_system,15.89106,16.03851,15,12.42981,52.35294,53.05634,64.50648,332.88461,376.35803,1242.27527,238.83813,983.11615,17.01766,17.41943,355.73303,27.07738,26.86462,12,11.68976,1.00723,524320,1.52069,0,0,1,1,1,1,1.15452,0,27.48882,524320,524320,1,32.20215,36.61194,28.39069,28.04038,1,1,119.04872,0,0,0,0,12.92742,1,2880,54776,720.61816,919,1,7.2619,-2.8857,9.845,-0.7897,12.0153,50,50,50,50,29,1032,13856,70,17107,30,24,0.00014,63.72974,7.94045,410.6626,-0.00101,18440,341.39899,337.94489,20.16145,9943,27276,0.05148,1.0524,348.79922,982.02313,1248.33447,26.47805,30.31446
2022-08-12 16:20:57,hai-testbed-01,HAI 23.05 industrial testbed,industrial_control_system,16.01957,16.03088,15,12.42981,52.41467,53.05634,64.88796,335.86374,370.82669,1220.27063,239.21962,983.55096,16.95359,17.41943,355.57965,27.10051,26.86462,12,11.68976,1.00647,524320,1.52679,0,0,1,1,1,1,1.19962,0,27.48882,524320,524320,1,32.20215,36.61194,28.39069,28.02909,1,1,119.04872,0,0,0,0,12.92742,1,2880,54776,720.47827,919,1,7.1102,-3.3637,10.0948,-1.1235,11.92407,50,50,50,50,29,1032,13856,70,17108,30,24,0.00014,63.72974,7.94045,410.6626,-0.00101,18514,342.84583,337.94489,20.16145,9943,27276,0.05148,1.05389,348.79922,982.02313,1242.27527,26.47805,30.31942
2022-08-12 16:20:58,hai-testbed-01,HAI 23.05 industrial testbed,industrial_control_system,15.94928,16.02325,15,12.42981,52.39204,53.05634,64.31578,337.84998,368.34714,1211.02222,239.21962,984.42072,16.90345,17.41943,355.83527,27.1349,26.86462,12,11.68976,1.00876,524320,1.52603,0,0,1,1,1,1,1.24471,0,27.48882,524320,524320,1,32.20215,36.61194,28.39069,28.03865,1,1,119.04872,0,0,0,0,12.92742,1,2880,54777,720.44275,915,1,7.3609,-2.6867,9.9698,-0.7237,11.99543,50,50,50,50,29,976,13936,70,17121,30,24,0.00014,64.09143,7.94045,411.76575,0.00116,18543,343.08087,338.59595,20.16145,9943,27276,0.05148,1.05412,348.79922,982.02313,1220.27063,26.47805,30.32019
2022-08-12 16:20:59,hai-testbed-01,HAI 23.05 industrial testbed,industrial_control_system,15.80435,16.01562,15,12.42981,52.3494,53.05634,63.55283,334.87082,368.91937,1206.87646,238.83813,984.42072,16.81896,17.41943,355.78412,27.1478,26.86462,12,11.68976,1.00952,524320,1.52603,0,0,1,1,1,1,1.2898,0,27.48882,524320,524320,1,32.20215,36.64245,28.39069,28.03341,1,1,119.04872,0,0,0,0,12.92742,1,2880,54775,720.44275,918,1,6.5865,-2.7535,9.5911,-1.0276,12.0081,50,50,50,50,29,928,14016,70,17128,30,24,0.00014,64.52551,7.94045,410.37329,0.00246,18482,343.20746,338.36084,20.16145,9943,27285,0.05148,1.05721,348.79922,982.02313,1211.02222,26.47805,30.33049
2022-08-12 16:21:00,hai-testbed-01,HAI 23.05 industrial testbed,industrial_control_system,15.58053,16.02325,15,12.42981,52.33981,53.05634,64.88796,330.89838,370.63593,1207.83325,238.64743,983.55096,16.81896,17.41943,355.68192,27.22816,26.86462,12,11.68976,1.00876,524320,1.52679,0,0,1,1,1,1,1.3349,0,27.48882,524320,524320,1,32.21741,36.6272,28.39069,28.03263,1,1,119.04872,0,0,0,0,12.92742,1,2880,54776,720.45447,919,1,6.9558,-3.3822,9.9941,-1.1729,11.92403,50,50,50,50,29,880,14080,70,17128,30,24,0.00014,64.86902,7.94045,413.35718,0.00159,18510,345.10638,339.04803,20.16145,9943,27287,0.05148,1.06133,348.79922,982.02313,1206.87646,26.47805,30.34422
2022-08-12 16:21:01,hai-testbed-01,HAI 23.05 industrial testbed,industrial_control_system,15.31539,16.03088,46.38344,12.42981,52.36675,53.05634,64.88796,337.84998,368.15643,1210.70325,239.02892,983.11615,16.81328,17.4118,355.83527,27.27489,26.85699,12,11.68976,1.00952,524320,1.52679,0,0,1,1,1,1,1.37999,0,27.48882,524320,524320,1,32.20215,36.65771,28.39069,28.03263,1,1,119.04872,0,0,0,0,12.92742,1,2880,54776,720.45447,919,1,6.9558,-2.8217,9.9941,-1.1729,11.92403,50,50,50,50,29,840,14144,70,17129,30,24,0.00014,65.17651,7.94045,413.24872,0.0008,18558,344.65417,339.50012,20.16145,9943,27281,0.05148,1.06453,348.79922,982.02313,1207.83325,26.47805,30.3549
2022-08-12 16:21:02,hai-testbed-01,HAI 23.05 industrial testbed,industrial_control_system,15.16493,16.02325,71.96265,12.42981,52.3789,53.05634,64.31578,337.84998,369.11008,1206.55762,239.02892,983.9859,16.71469,17.4118,356.09085,27.28736,26.85699,12,11.68976,1.00952,524320,1.52756,0,0,1,1,1,1,1.42508,0,27.48882,524320,524320,1,32.23266,36.64245,28.39069,28.0273,1,1,119.04872,0,0,0,0,12.92742,1,2880,54776,720.61841,919,1,6.6785,-2.6533,9.6051,-0.9657,12.02156,50,50,50,50,29,792,14208,70,17134,30,24,0.00014,65.55627,7.94045,415.43695,0.00043,18615,344.69037,340.22357,20.16145,9943,27288,0.05148,1.06236,348.79922,982.02313,1210.70325,26.47805,30.34765
2022-08-12 16:21:03,hai-testbed-01,HAI 23.05 industrial testbed,industrial_control_system,14.90574,16.02325,100,12.91809,52.338,53.05634,63.55283,334.87082,368.34714,1208.1521,238.45674,983.9859,16.63051,17.4118,356.09085,27.32159,26.86462,12,11.68976,1.01028,524320,1.51535,0,0,1,1,1,1,1.47018,0,27.48882,524320,524320,1,32.21741,36.65771,28.39069,28.03172,1,1,119.04872,0,0,0,0,12.92742,1,2880,54776,720.44287,919,1,6.7684,-3.3647,9.9159,-1.208,11.9237,50,50,50,50,29,752,14256,70,17134,30,24,-0.00014,65.80951,7.94045,413.68268,0.00188,18650,345.034,341.29053,20.16145,9943,27279,0.05148,1.06384,348.79922,982.02313,1206.55762,26.47805,30.35261
2022-08-12 16:21:04,hai-testbed-01,HAI 23.05 industrial testbed,industrial_control_system,14.71091,15.04669,100,14.79492,52.33015,53.05634,63.93431,330.89838,346.22189,1206.87646,239.21962,982.6814,16.64013,17.41943,356.29532,27.34835,26.85699,12,11.68976,1.00952,524320,1.49475,0,0,1,1,1,1,1.51527,0,27.48882,524320,524320,1,32.21741,36.65771,28.39069,28.03777,1,1,119.04872,0,0,0,0,12.92742,1,2880,54776,720.47729,918,1,7.4393,-2.9751,10.0567,-0.9054,11.97237,50,50,50,50,29,720,14320,70,17136,30,24,0.00014,66.04456,7.94045,414.64117,-0.00043,18673,347.24036,341.47137,20.16145,9943,27283,0.05148,1.06453,348.79922,982.02313,1208.1521,26.47805,30.3549
2022-08-12 16:21:05,hai-testbed-01,HAI 23.05 industrial testbed,industrial_control_system,15.07045,14.73388,88.02353,16.74804,52.37709,53.05634,64.12508,332.88461,333.25192,1169.88306,238.83813,984.42072,16.49718,17.4118,356.44867,27.37587,26.86462,12,11.68976,1.008,524320,1.46652,0,0,1,1,1,1,1.56037,0,27.48882,524320,524320,1,32.21741,36.67297,28.39069,28.03777,1,1,119.04872,0,0,0,0,12.92742,1,2880,54776,720.47729,918,1,7.4393,-2.5471,10.0567,-0.9054,11.97237,50,50,50,50,29,680,14368,70,17145,30,24,-0.00014,66.35199,7.94045,416.66669,-0.00116,18763,347.78284,342.48407,20.16145,9943,27284,0.05148,1.06384,348.79922,982.02313,1206.87646,26.47805,30.35261
2022-08-12 16:21:06,hai-testbed-01,HAI 23.05 industrial testbed,industrial_control_system,15.20642,14.72626,64.90926,18.76221,52.3014,53.05634,64.31578,333.87793,318.56531,1148.19727,239.21962,983.55096,16.46108,17.4118,356.34641,27.43447,27.52075,12,11.68976,1.01181,524320,1.42151,0,0,1,1,1,1,1.60546,0,27.48882,524320,524320,1,32.23266,36.67297,28.39069,28.0326,1,1,119.04872,0,0,0,0,12.92742,1,2880,54776,720.61859,919,1,6.6297,-3.2912,9.8149,-1.2174,11.9267,50,50,50,50,29,648,14432,70,17134,30,24,-7e-05,66.5871,7.94045,415.50928,-0.00051,18788,346.58929,342.68304,20.16145,9943,27280,0.05148,1.06831,348.79922,982.02313,1169.88306,26.47805,30.36749
2022-08-12 16:21:07,hai-testbed-01,HAI 23.05 industrial testbed,industrial_control_system,15.37302,14.71863,36.58625,20.64667,52.32834,53.05634,63.36213,334.87082,309.79153,1123.64124,239.4104,984.42072,16.39869,16.48865,355.93747,27.43078,27.80304,12,11.68976,1.03394,524320,1.37039,0,0,1,1,1,1,1.65055,0,27.48882,524320,524320,1,32.21741,36.68822,28.39069,28.03686,1,1,119.04872,0,0,0,0,12.92742,1,2880,54776,720.33722,918,1,7.4151,-3.1423,10.1498,-0.944,11.95023,50,50,50,50,29,616,14464,70,17106,30,24,0.00014,66.78607,7.94045,416.5401,0.00369,18680,346.40845,342.66498,20.16145,9943,27285,0.05148,1.06567,348.79922,982.02313,1148.19727,26.47805,30.36711
2022-08-12 16:21:08,hai-testbed-01,HAI 23.05 industrial testbed,industrial_control_system,15.41281,14.71863,29.82192,22.40143,52.2857,53.05634,63.17135,329.90546,290.71805,1108.97144,239.6011,984.85571,16.40159,16.35895,355.73303,27.35477,27.81067,12,11.68976,1.04996,524320,1.31317,0,0,1,1,1,1,1.69565,0,27.48882,524320,524320,1,32.21741,36.68822,28.39069,28.03946,1,1,119.04872,0,0,0,0,12.92742,1,2880,54776,720.54712,919,1,7.0095,-2.5076,9.7553,-0.7781,12.03826,50,50,50,50,29,584,14496,70,17081,30,24,0.00014,67.02112,7.94045,416.97412,0.00376,18705,346.75208,343.04468,20.16145,9943,27287,0.05148,1.06819,348.79922,982.02313,1123.64124,26.47805,30.36711
2022-08-12 16:21:09,hai-testbed-01,HAI 23.05 industrial testbed,industrial_control_system,15.71679,14.71863,15,24.33166,52.25784,53.05634,62.98064,328.91214,276.98511,1077.08057,239.4104,985.29053,16.3714,16.35895,355.88638,27.28779,27.81067,12,11.68976,1.05682,524320,1.24908,0,0,1,1,1,1,1.74074,0,27.48882,524320,524320,1,32.23266,36.68822,28.39069,28.03601,1,1,119.04872,0,0,0,0,12.92742,1,2880,54776,720.47675,920,1,6.5227,-3.1811,9.7516,-1.1684,11.94879,50,50,50,50,29,552,14544,70,17084,30,24,-0.00014,67.27435,7.94045,418.31238,-0.00036,18810,349.19348,343.94891,20.16145,9948,27285,0.05148,1.06819,348.79922,982.02313,1108.97144,26.47805,30.36863
2022-08-12 16:21:10,hai-testbed-01,HAI 23.05 industrial testbed,industrial_control_system,15.88031,14.71863,15,25.92621,52.22825,53.05634,63.55283,327.91922,258.67459,1054.11914,239.21962,984.85571,16.31724,16.35895,356.14194,27.26326,27.81067,12,11.68976,1.05759,524320,1.18347,0,0,1,1,1,1,1.78583,0,27.48882,524320,524320,1,32.23266,36.68822,28.39069,28.03601,1,1,119.04872,0,0,0,0,12.92742,1,2880,54776,720.47675,920,1,6.5227,-3.2398,9.7516,-1.1684,11.94879,50,50,50,50,29,528,14592,70,17068,30,24,-0.00014,67.38281,7.94045,417.95068,0.00109,18797,347.90942,344.25635,20.16145,9964,27285,0.05148,1.06865,348.79922,982.02313,1077.08057,26.47805,30.38885
2022-08-12 16:21:11,hai-testbed-01,HAI 23.05 industrial testbed,industrial_control_system,16.18746,14.71863,15,25.92621,52.23344,53.05634,63.55283,330.89838,258.48389,1023.50391,239.4104,984.42072,16.24715,16.37421,356.34641,27.29701,27.81067,12,11.68976,1.05988,524320,1.17279,0,0,1,1,1,1,1.83093,0,27.48882,524320,524320,1,32.23266,36.70349,28.39069,28.03514,1,1,119.04872,0,0,0,0,12.92742,1,2880,54776,720.44122,920,1,7.1333,-2.5341,9.7968,-0.7885,12.03145,50,50,50,50,29,496,14624,70,17063,30,24,-0.00014,67.65405,7.94045,416.35925,0.00246,18781,348.23492,344.52765,20.16145,9964,27287,0.05148,1.07472,348.79922,982.02313,1054.11914,26.47805,30.3755
2022-08-12 16:21:12,hai-testbed-01,HAI 23.05 industrial testbed,industrial_control_system,16.0063,14.711,15,24.27063,52.24038,53.05634,62.59917,330.89838,272.02603,1023.18506,238.64743,984.85571,16.15032,16.35895,356.65314,27.27253,27.81067,12,11.68976,1.05911,524320,1.22238,0,0,1,1,1,1,1.87602,0,27.48882,524320,524320,1,32.23266,36.70349,28.39069,28.03517,1,1,119.04872,0,0,0,0,12.92742,1,2880,54776,720.44171,920,1,6.4993,-3.0478,9.696,-1.1099,11.9724,50,50,50,50,29,472,14656,70,17050,30,24,-0.00014,67.76263,7.94045,418.00494,0.0026,18819,348.88599,345.034,20.16145,9966,27285,0.05148,1.07071,348.79922,982.02313,1023.50378,26.47805,30.3755
2022-08-12 16:21:13,hai-testbed-01,HAI 23.05 industrial testbed,industrial_control_system,15.46625,15.55023,20.73694,22.42432,52.21252,53.05634,62.59917,325.93298,304.83246,1045.82751,238.64743,983.11615,16.15032,16.35895,356.60202,27.28195,27.81067,12,11.68976,1.05988,524320,1.27197,0,0,1,1,1,1,1.92111,0,27.48882,524320,524320,1,32.23266,36.71875,28.39069,28.03166,1,1,119.04872,0,0,0,0,12.92742,1,2880,54776,720.54767,920,1,7.2497,-3.342,10.1511,-1.0842,11.93304,50,50,50,50,29,448,14688,70,17032,30,24,-0.00029,67.88916,7.94045,420.28357,-0.00123,18910,350.42316,345.99249,20.16145,9966,27284,0.05148,1.07071,348.79922,982.02313,1023.185,26.47805,30.3755
2022-08-12 16:21:14,hai-testbed-01,HAI 23.05 industrial testbed,industrial_control_system,15.46625,15.55023,100,20.57037,52.27425,53.05634,62.78987,325.93298,328.29285,1100.67993,239.21962,984.42072,16.12248,16.46576,356.65314,27.29156,27.81067,12,11.68976,1.05911,524320,1.32462,0,0,1,1,1,1,1.96621,0,27.48882,524320,524320,1,32.23266,36.70349,28.39069,28.03166,1,1,119.04872,0,0,0,0,12.92742,1,2880,54777,720.54767,920,1,7.2497,-2.6313,10.1511,-1.0842,11.93304,50,50,50,50,29,424,14720,70,17003,30,24,-0.00014,68.07001,7.94045,419.28894,-0.00014,18845,348.54242,345.28723,20.16145,9962,27287,0.05148,1.0722,348.79922,982.02313,1045.82751,26.47805,30.38046
2022-08-12 16:21:15,hai-testbed-01,HAI 23.05 industrial testbed,industrial_control_system,14.41012,16.008,100,19.30389,52.21509,53.05634,63.7436,326.9259,342.21646,1139.90564,239.21962,984.42072,16.03454,16.46576,356.70422,27.33597,27.81067,12,11.68976,1.05988,524320,1.37039,0,0,1,1,1,1,2.0113,0,27.48882,524320,524320,1,32.24792,36.73401,28.39069,28.03521,1,1,119.04872,0,0,0,0,12.92742,1,2880,54776,720.54834,919,1,6.5273,-2.8854,9.6168,-1.0918,11.99532,50,50,50,50,29,400,14736,70,16995,30,24,-0.00014,68.23279,7.94045,420.10272,-0.00203,18941,350.6402,346.46265,20.16145,9969,27287,0.05148,1.07872,348.79922,982.02313,1100.67993,26.47805,30.4022
2022-08-12 16:21:16,hai-testbed-01,HAI 23.05 industrial testbed,industrial_control_system,13.58335,16.02325,100,19.52514,52.2055,53.05634,63.36213,331.89169,330.00946,1163.18591,239.02892,983.9859,15.97816,16.46576,356.80649,27.32314,27.81067,12,11.68976,1.06064,524320,1.37497,0,0,1,1,1,1,2.05639,0,27.48882,524320,524320,1,32.23266,36.71875,28.39069,28.03865,1,1,119.04872,0,0,0,0,12.92742,1,2880,54776,720.47778,918,1,7.0544,-3.3898,10.0847,-1.1431,11.92227,50,50,50,50,29,384,14768,70,16989,30,24,-0.00014,68.30511,7.94045,420.12079,-0.00087,18930,351.45404,346.53503,20.16145,9962,27284,0.05148,1.07517,348.79922,982.02313,1139.90564,26.47805,30.39038
2022-08-12 16:21:17,hai-testbed-01,HAI 23.05 industrial testbed,industrial_control_system,12.99359,13.82599,100,21.32568,52.21417,53.05634,62.21769,329.90546,295.29572,1142.77588,238.64743,983.11615,15.93922,16.46576,356.90869,27.35382,27.81067,12,11.69739,1.05988,524320,1.34369,0,0,1,1,1,1,2.10149,0,27.48882,524320,524320,1,32.23266,36.73401,28.39069,28.03689,1,1,119.04872,0,0,0,0,12.92742,1,2880,54776,720.51294,918,1,7.4024,-2.7832,10.0182,-0.8058,11.98906,50,50,50,50,29,368,14784,70,16989,30,24,-0.00014,68.48596,7.94045,420.75378,-0.00137,18968,351.94232,347.09558,20.16145,9969,27283,0.05148,1.08032,348.79922,982.02313,1163.18591,26.47805,30.40754
2022-08-12 16:21:18,hai-testbed-01,HAI 23.05 industrial testbed,industrial_control_system,13.09364,13.5437,100,23.11096,52.24285,53.05634,62.78987,323.94675,275.64996,1084.7345,239.6011,985.29053,15.91101,16.46576,356.95984,27.36406,27.81067,12,11.68976,1.05988,524320,1.28876,0,0,1,1,1,1,2.14658,0,27.48882,524320,524320,1,32.23266,36.73401,28.39069,28.04038,1,1,119.04872,0,0,0,0,12.92742,1,2880,54777,720.47845,919,1,6.6576,-2.6791,9.5785,-1.0001,12.01853,50,50,50,50,29,344,14816,70,16967,30,24,-0.00036,68.61255,7.94045,421.78461,-0.00224,19021,349.42853,347.72864,20.16145,9965,27285,0.05148,1.07964,348.79922,982.02313,1142.77588,26.47805,30.40525
2022-08-12 16:21:19,hai-testbed-01,HAI 23.05 industrial testbed,industrial_control_system,13.78455,13.53607,100,25.01831,52.14716,53.05634,63.55283,326.9259,263.06146,1051.88672,239.4104,984.85571,15.76161,16.46576,357.11319,27.37394,27.81067,12,11.68976,1.05988,524320,1.22696,0,0,1,1,1,1,2.19167,0,27.48882,524320,524320,1,32.24792,36.73401,28.39069,28.04038,1,1,119.04872,0,0,0,0,12.92742,1,2880,54776,720.47845,919,1,6.6576,-3.3898,9.5785,-1.0001,12.01853,50,50,50,50,29,328,14848,70,16958,30,24,-0.00014,68.72107,7.94045,419.6687,0.00029,18941,349.57318,347.11371,20.16145,9969,27287,0.05148,1.07964,348.79922,982.02313,1084.7345,26.47805,30.40525
2022-08-12 16:21:20,hai-testbed-01,HAI 23.05 industrial testbed,industrial_control_system,14.08608,13.53607,100,26.90277,52.15235,53.05634,62.98064,330.89838,243.22511,1030.83875,239.79187,985.72546,15.71791,16.46576,357.06204,27.40485,27.81067,12,11.68976,1.05988,524320,1.15829,0,0,1,1,1,1,2.23677,0,27.48882,524320,524320,1,32.23266,36.73401,28.39069,28.03338,1,1,119.04872,0,0,0,0,12.92742,1,2880,54777,720.54889,919,1,7.4203,-2.9877,10.0922,-0.8758,11.97523,50,50,50,50,29,312,14880,70,16941,30,24,-0.00014,68.86572,7.94045,420.33777,0.00137,18908,349.9892,347.27643,20.16145,9968,27287,0.05148,1.08364,348.79922,982.02313,1051.88672,26.47805,30.41861
2022-08-12 16:21:21,hai-testbed-01,HAI 23.05 industrial testbed,industrial_control_system,14.60963,13.53607,100,28.82537,52.10449,53.05634,63.36213,327.91922,224.7238,993.55328,239.98257,986.59528,15.52285,16.46576,357.11319,27.40485,27.81067,12,11.68976,1.05988,524320,1.08658,0,0,1,1,1,1,2.23677,0,27.48882,524320,524320,1,32.23266,36.76452,28.39069,28.03777,1,1,119.04872,0,0,0,0,12.92742,1,2880,54776,720.47876,919,1,6.8324,-2.5723,9.6729,-0.8819,12.03104,50,50,50,50,29,296,14896,70,16923,30,24,-0.00014,68.99231,7.94045,420.33777,0.00058,18945,349.9892,347.52966,20.16145,9966,27289,0.05148,1.08364,348.79922,982.02313,1030.83875,26.47805,30.40678
2022-08-12 16:21:22,hai-testbed-01,HAI 23.05 industrial testbed,industrial_control_system,15.09368,13.53607,84.07498,30.77087,52.05315,53.05634,63.36213,329.90546,206.60397,951.37024,239.4104,986.16028,15.47327,16.3208,356.90869,27.39811,27.81067,12,11.68976,1.05988,524320,1.01334,0,0,1,1,1,1,2.28186,0,27.48882,524320,524320,1,32.26318,36.76452,28.39069,28.03605,1,1,119.04872,0,0,0,0,12.92742,1,2880,54776,720.47845,918,1,6.6292,-3.3047,9.8098,-1.2554,11.92787,50,50,50,50,29,280,14912,70,16903,30,24,-0.00014,69.0285,7.94045,418.25812,0.00087,18930,348.1626,347.29456,20.16145,9965,27287,0.05148,1.08009,348.79922,982.02313,993.55328,26.47805,30.40792
2022-08-12 16:21:23,hai-testbed-01,HAI 23.05 industrial testbed,industrial_control_system,15.55287,13.53607,15,32.73163,52.05313,53.05634,60.69185,329.90546,186.95831,910.05707,239.21962,984.85571,15.50256,15.34424,356.75537,27.41002,27.81067,12,11.68976,1.06064,524320,0.93704,0,0,1,1,1,1,2.32696,0,27.48882,524320,524320,1,32.23266,36.76452,28.39069,28.03605,1,1,119.04872,0,0,0,0,12.92742,1,2880,54776,720.51337,918,1,7.455,-3.1521,10.1784,-0.9427,11.95312,50,50,50,50,29,264,14912,70,16893,30,24,-0.00014,69.17316,7.94045,418.71021,-0.00029,18947,348.18073,347.25836,20.16145,9969,27285,0.05148,1.08044,348.79922,982.02313,951.37024,26.47805,30.41059
2022-08-12 16:21:24,hai-testbed-01,HAI 23.05 industrial testbed,industrial_control_system,16.10645,13.64288,15,34.77631,52.09138,53.05634,60.88255,316.00223,176.08643,865.26495,239.4104,984.42072,15.49417,15.32135,356.75537,27.4205,27.81067,12,11.68976,1.07208,524320,0.86075,0,0,1,1,1,1,2.41714,0,27.48882,524320,524320,1,32.24792,36.76452,28.39069,28.03605,1,1,119.04872,0,0,0,0,12.92742,1,2880,54776,720.51337,918,1,7.455,-2.5269,10.1784,-0.9427,11.95312,50,50,50,50,29,248,14928,70,16880,30,24,-0.00014,69.22748,7.94045,417.80597,7e-05,18953,347.31262,347.40308,20.16145,9970,27284,0.05148,1.08089,348.79922,982.02313,910.05707,26.47805,30.40945
2022-08-12 16:21:25,hai-testbed-01,HAI 23.05 industrial testbed,industrial_control_system,16.33568,15.29083,15,35.25695,52.09832,53.05634,60.69185,316.99512,181.42697,840.47705,239.4104,984.85571,15.42765,15.29846,356.80649,27.36892,27.81067,12,11.68976,1.07819,524320,0.81802,0,0,1,1,1,1,2.46224,0,27.48882,524320,524320,1,32.24792,36.79505,28.39069,28.03166,1,1,119.04872,0,0,0,0,12.92742,1,2880,54776,720.51404,919,1,6.5181,-2.5269,9.7287,-1.1816,11.95773,50,50,50,50,29,240,14928,70,16880,30,24,-0.00014,69.22748,7.94045,417.04645,7e-05,18929,347.05951,347.40308,20.16145,9970,27281,0.05148,1.08089,348.79922,982.02313,865.26495,26.47805,30.40945
2022-08-12 16:21:26,hai-testbed-01,HAI 23.05 industrial testbed,industrial_control_system,15.99484,15.64941,15,33.92944,52.07046,53.05634,61.64551,316.00223,193.634,852.6535,239.4104,984.85571,15.36875,15.2832,357.01096,27.34128,27.81067,12,11.68976,1.082,524320,0.8432,0,0,1,1,1,1,2.50733,0,27.48882,524320,524320,1,32.26318,36.76452,28.39069,28.03257,1,1,119.04872,0,0,0,0,12.92742,1,2880,54776,720.51392,919,1,7.3556,-3.2942,10.1945,-1.0303,11.9411,50,50,50,50,29,240,14928,70,16864,30,24,-0.00014,69.22748,7.94045,417.04645,0.00036,18929,347.05951,347.22223,20.16145,9970,27281,0.05148,1.07986,348.79922,982.02313,840.47705,26.47805,30.40602
2022-08-12 16:21:27,hai-testbed-01,HAI 23.05 industrial testbed,industrial_control_system,15.39711,15.66467,32.49163,31.9458,52.05913,53.05634,61.45473,320.96759,213.47044,880.48553,239.6011,984.85571,15.28438,15.29083,357.16431,27.3172,27.81067,12,11.68976,1.08353,524320,0.90652,0,0,1,1,1,1,2.55242,0,27.48882,524320,524320,1,32.23266,36.79505,28.39069,28.03602,1,1,119.04872,0,0,0,0,12.92742,1,2880,54777,720.44385,920,1,7.2337,-2.577,9.8843,-0.7455,12.02522,50,50,50,50,29,224,14928,70,16845,30,24,-0.00014,69.29974,7.94045,416.61237,-0.00029,18945,347.05951,347.09558,20.16145,9970,27291,0.05148,1.08067,348.79922,982.02313,852.6535,26.47805,30.40869
2022-08-12 16:21:28,hai-testbed-01,HAI 23.05 industrial testbed,industrial_control_system,14.53377,15.66467,100,29.93927,52.0478,53.05634,62.02699,319.97427,233.49759,925.71259,239.21962,985.29053,15.18958,15.31372,357.16431,27.31233,27.81067,12,11.68976,1.08429,524320,0.97214,0,0,1,1,1,1,2.59752,0,27.48882,524320,524320,1,32.24792,36.79505,28.39069,28.03602,1,1,119.04872,0,0,0,0,12.92742,1,2880,54777,720.44385,920,1,7.2337,-2.9512,9.8843,-0.7455,12.02522,50,50,50,50,29,216,14928,70,16829,30,24,-0.00014,69.26355,7.94045,417.29962,-0.00275,18924,345.41376,346.58929,20.16145,9970,27291,0.05148,1.07861,348.79922,982.02313,880.48553,26.47805,30.40182
2022-08-12 16:21:29,hai-testbed-01,HAI 23.05 industrial testbed,industrial_control_system,13.6236,15.66467,100,28.7796,52.0182,53.05634,60.69185,322.95383,249.51932,971.37451,239.21962,984.42072,15.17064,15.2832,357.16431,27.29607,27.81067,12,11.68976,1.08429,524320,1.03317,0,0,1,1,1,1,2.64261,0,27.48882,524320,524320,1,32.26318,36.8103,28.39069,28.04119,1,1,119.04872,0,0,0,0,12.92742,1,2880,54776,720.51379,918,1,7.1189,-3.3909,10.1041,-1.1476,11.92221,50,50,50,50,29,208,14928,70,16820,30,24,-0.00014,69.29974,7.94045,415.27417,-0.00014,18867,345.54034,346.17334,20.16145,9970,27283,0.05148,1.07586,348.79922,982.02313,925.71259,26.47805,30.39267
2022-08-12 16:21:30,hai-testbed-01,HAI 23.05 industrial testbed,industrial_control_system,12.84983,15.58838,100,29.17633,52.04167,53.05634,60.31037,316.00223,239.4104,1007.90405,239.6011,984.42072,15.11963,15.2832,357.16431,27.27881,27.81067,12,11.68976,1.08276,524320,1.03088,0,0,1,1,1,1,2.6877,0,27.48882,524320,524320,1,32.24792,36.8103,28.39069,28.03429,1,1,119.04872,0,0,0,0,12.92742,1,2880,54776,720.44318,919,1,7.3553,-2.7323,9.948,-0.8127,11.99585,50,50,50,50,29,192,14912,70,16807,30,24,-0.00014,69.29974,7.94045,414.02631,-0.00159,18898,343.89465,346.35419,20.16145,9970,27283,0.05148,1.07895,348.79922,982.02313,971.37451,26.47805,30.40297
2022-08-12 16:21:31,hai-testbed-01,HAI 23.05 industrial testbed,industrial_control_system,13.00612,14.09302,100,30.9845,52.03208,53.05634,61.07325,314.01599,206.2225,984.85571,239.6011,985.29053,15.03318,15.2832,356.95984,27.29883,27.81067,12,11.68976,1.08276,524320,0.98053,0,0,1,1,1,1,2.7328,0,27.48882,524320,524320,1,32.26318,36.8103,28.39069,28.02993,1,1,119.04872,0,0,0,0,12.92742,1,2880,54776,720.54871,918,1,6.6054,-2.7592,9.6405,-1.0007,12.01101,50,50,50,50,29,184,14912,70,16793,30,24,-0.00014,69.29974,7.94045,413.44763,7e-05,18858,344.69037,345.79352,20.16145,9970,27292,0.05148,1.07666,348.79922,982.02313,1007.90405,26.47805,30.39534
2022-08-12 16:21:32,hai-testbed-01,HAI 23.05 industrial testbed,industrial_control_system,13.00612,14.09302,100,32.99865,51.98595,53.05634,61.26403,317.98807,186.95831,909.18732,239.6011,985.29053,15.03318,15.2832,356.85757,27.27104,27.81067,12,11.68976,1.08353,524320,0.91568,0,0,1,1,1,1,2.77789,0,27.48882,524320,524320,1,32.26318,36.82556,28.39069,28.0351,1,1,119.04872,0,0,0,0,12.92742,1,2880,54777,720.44318,919,1,6.8858,-3.4086,10.0076,-1.194,11.92443,50,50,50,50,29,176,14896,70,16774,30,24,-0.00014,69.29974,7.94045,413.79126,0.00051,18825,343.85846,345.3595,20.16145,9970,27288,0.05148,1.0746,348.79922,982.02313,984.85571,26.47805,30.39534
2022-08-12 16:21:33,hai-testbed-01,HAI 23.05 industrial testbed,industrial_control_system,14.49383,12.61291,100,35.10437,51.97289,53.05634,61.26403,318.98138,167.50334,865.26495,239.4104,984.85571,14.99366,15.2832,356.95984,27.26055,27.81067,12,11.68976,1.08276,524320,0.85007,0,0,1,1,1,1,2.77789,0,27.48882,524320,524320,1,32.26318,36.82556,28.39069,28.0351,1,1,119.04872,0,0,0,0,12.92742,1,2880,54776,720.44318,919,1,6.8858,-2.9438,10.0076,-1.194,11.92443,50,50,50,50,29,160,14896,70,16756,30,24,-0.00014,69.22748,7.94045,412.52527,-0.00087,18834,343.35211,345.21484,20.16145,9970,27292,0.05148,1.07414,348.79922,982.02313,909.18732,26.47805,30.38694
2022-08-12 16:21:34,hai-testbed-01,HAI 23.05 industrial testbed,industrial_control_system,15.01975,12.57477,96.64288,37.07275,51.97808,53.05634,61.45473,318.98138,151.48161,820.90759,239.4104,984.85571,14.92581,15.2832,356.95984,27.2833,27.81067,12,11.68976,1.08429,524320,0.78445,0,0,1,1,1,1,2.86808,0,27.48882,524320,524320,1,32.26318,36.84082,28.39069,28.03689,1,1,119.04872,0,0,0,0,12.92742,1,2880,54776,720.51337,918,1,6.771,-2.6089,9.6587,-0.9058,12.02925,50,50,50,50,29,160,14896,70,16738,30,24,-0.00014,69.17316,7.94045,411.96472,-0.00051,18805,343.62341,345.07019,20.16145,9970,27288,0.05148,1.07861,348.79922,982.02313,865.26495,26.47805,30.40182
2022-08-12 16:21:35,hai-testbed-01,HAI 23.05 industrial testbed,industrial_control_system,15.43167,13.88702,26.61623,38.91143,51.96675,53.05634,61.07325,319.97427,146.14105,784.37805,239.79187,984.85571,14.87422,15.2832,357.01096,27.26419,27.81067,12,11.68976,1.08429,524320,0.72342,0,0,1,1,1,1,2.91317,0,27.48882,524320,524320,1,32.26318,36.84082,28.39069,28.03608,1,1,119.04872,0,0,0,0,12.92742,1,2880,54776,720.51447,919,1,6.6764,-3.3455,9.8891,-1.2091,11.92336,50,50,50,50,29,144,14880,70,16729,30,24,-0.00014,69.15509,7.94045,410.9339,0.00224,18748,341.83307,344.50952,20.16145,9970,27292,0.05148,1.07689,348.79922,982.02313,820.90759,26.47805,30.3961
2022-08-12 16:21:36,hai-testbed-01,HAI 23.05 industrial testbed,industrial_control_system,15.64588,15.00854,15,40.80353,51.95542,53.05634,61.45473,317.98807,140.41896,760.90771,239.6011,985.72546,14.77879,15.2832,357.06204,27.24007,27.81067,12,11.68976,1.08429,524320,0.67154,0,0,1,1,1,1,2.95827,0,27.48882,524320,524320,1,32.26318,36.85607,28.39069,28.02905,1,1,119.04872,0,0,0,0,12.92742,1,2880,54776,720.51422,919,1,7.432,-3.1017,10.1378,-0.932,11.95794,50,50,50,50,29,136,14864,70,16721,30,24,-0.00014,69.10083,7.94045,411.91046,7e-05,18793,343.11707,344.6723,20.16145,9970,27289,0.05148,1.073,348.79922,982.02313,784.37805,26.47805,30.38313
2022-08-12 16:21:37,hai-testbed-01,HAI 23.05 industrial testbed,industrial_control_system,15.97706,15.07721,15,41.4978,51.90756,53.05634,59.92889,319.97427,132.9803,731.11469,239.98257,985.29053,14.73287,15.2832,357.01096,27.24884,27.81067,12,11.68976,1.08353,524320,0.63339,0,0,1,1,1,1,3.00336,0,27.48882,524320,524320,1,32.26318,36.85607,28.39069,28.02905,1,1,119.04872,0,0,0,0,12.92742,1,2880,54776,720.51422,919,1,7.432,-2.5234,10.1378,-0.932,11.95794,50,50,50,50,29,136,14864,70,16712,30,24,-0.00014,69.0285,7.94045,409.52332,0.00116,18702,342.77344,343.85846,20.16145,9970,27284,0.05148,1.07574,348.79922,982.02313,760.90771,26.47805,30.39228
2022-08-12 16:21:38,hai-testbed-01,HAI 23.05 industrial testbed,industrial_control_system,16.44674,15.07721,15,40.62042,51.91102,53.05634,61.07325,312.02975,136.41354,692.38409,239.79187,986.16028,14.65201,15.2832,357.06204,27.22995,27.81067,12,11.68976,1.082,524320,0.64102,0,0,1,1,1,1,3.04845,0,27.48882,524320,524320,1,32.26318,36.8866,28.39069,28.0421,1,1,119.04872,0,0,0,0,12.92742,1,2880,54777,720.47968,918,1,6.5287,-3.2305,9.7213,-1.2481,11.94746,50,50,50,50,29,128,14848,70,16694,30,24,-0.00036,69.0285,7.94045,412.34448,-0.00253,18797,342.53833,344.34674,20.16145,9970,27287,0.05148,1.0722,348.79922,982.02313,731.11469,26.47805,30.38046
2022-08-12 16:21:39,hai-testbed-01,HAI 23.05 industrial testbed,industrial_control_system,16.03529,15.06958,15,38.76648,51.86142,53.05634,62.21769,317.98807,148.62056,710.25983,239.98257,985.72546,14.6044,15.2832,357.01096,27.22995,27.81067,12,11.68976,1.082,524320,0.68375,0,0,1,1,1,1,3.09355,0,27.48882,524320,524320,1,32.26318,36.87133,28.39069,28.03689,1,1,119.04872,0,0,0,0,12.92742,1,2880,54776,720.44409,918,1,7.3904,-3.2625,10.1794,-1.0444,11.94553,50,50,50,50,29,120,14832,70,16683,30,24,-0.00014,68.99231,7.94045,410.86157,-0.00101,18741,340.8927,343.73193,20.16145,9970,27291,0.05148,1.0722,348.79922,982.02313,692.38409,26.47805,30.38008
2022-08-12 16:21:40,hai-testbed-01,HAI 23.05 industrial testbed,industrial_control_system,14.89588,15.06958,100,36.84387,51.86314,53.05634,61.45473,323.94675,162.73497,773.81769,239.79187,986.16028,14.53956,15.2832,356.95984,27.23169,27.81067,12,11.68976,1.08353,524320,0.73791,0,0,1,1,1,1,3.13864,0,27.48882,524320,524320,1,32.26318,36.8866,28.39069,28.03429,1,1,119.04872,0,0,0,0,12.92742,1,2880,54777,720.51379,919,1,7.1547,-2.5906,9.7999,-0.8199,12.02991,50,50,50,50,29,112,14816,70,16656,30,24,-0.00036,68.92004,7.94045,410.0116,-0.00109,18772,341.01923,343.67761,20.16145,9970,27288,0.05148,1.07208,348.79922,982.02313,710.25983,26.47805,30.3858
2022-08-12 16:21:41,hai-testbed-01,HAI 23.05 industrial testbed,industrial_control_system,14.16642,15.07721,100,35.06622,51.83006,53.05634,61.45473,319.97427,178.9474,810.03571,239.79187,985.72546,14.50875,15.2832,357.06204,27.22774,27.81067,12,11.68976,1.08429,524320,0.79666,0,0,1,1,1,1,3.18373,0,27.48882,524320,524320,1,32.26318,36.87133,28.39069,28.03081,1,1,119.04872,0,0,0,0,12.92742,1,2880,54777,720.51373,920,1,6.5024,-3.0349,9.6859,-1.1435,11.97808,50,50,50,50,29,104,14800,70,16644,30,24,-0.00014,68.86572,7.94045,407.94995,0.00014,18702,340.85651,343.22552,20.16145,9970,27287,0.05148,1.0738,348.79922,982.02313,773.81769,26.47805,30.38198
2022-08-12 16:21:42,hai-testbed-01,HAI 23.05 industrial testbed,industrial_control_system,13.41123,15.06958,100,35.00519,51.83178,53.05634,61.26403,319.97427,179.90114,847.00006,239.79187,985.72546,14.43699,15.14587,357.01096,27.21286,27.81067,12,11.68976,1.08353,524320,0.80887,0,0,1,1,1,1,3.22883,0,27.48882,524320,524320,1,32.26318,36.8866,28.39069,28.03081,1,1,119.04872,0,0,0,0,12.92742,1,2880,54777,720.51373,920,1,6.5024,-3.37,9.6859,-1.1435,11.97808,50,50,50,50,29,96,14800,70,16638,30,24,-0.00014,68.7934,7.94045,410.82538,-0.00029,18716,340.09692,343.09894,20.16145,9970,27289,0.05148,1.07071,348.79922,982.02313,810.03571,26.47805,30.3755
2022-08-12 16:21:43,hai-testbed-01,HAI 23.05 industrial testbed,industrial_control_system,13.18774,15.06195,100,36.72943,51.81697,53.05634,57.8308,318.98138,166.74039,849.17462,239.6011,985.72546,14.38987,14.28375,356.60202,27.20083,27.81067,12,11.68976,1.08505,524320,0.76233,0,0,1,1,1,1,3.27392,0,27.48882,524320,524320,1,32.26318,36.8866,28.39069,28.03602,1,1,119.04872,0,0,0,0,12.92742,1,2880,54777,720.47937,917,1,7.3245,-2.6685,9.9566,-0.7672,12.00324,50,50,50,50,29,96,14784,70,16618,30,24,-0.00036,68.7934,7.94045,410.10199,-0.00137,18753,341.81494,343.40637,20.16145,9970,27287,0.05148,1.06785,348.79922,982.02313,847.00006,26.47805,30.36596
2022-08-12 16:21:44,hai-testbed-01,HAI 23.05 industrial testbed,industrial_control_system,13.47385,13.72681,100,38.69018,51.80216,53.05634,58.0215,301.10565,142.51704,819.16809,239.6011,985.29053,14.41957,14.21509,356.60202,27.17139,27.81067,12,11.68976,1.10184,524320,0.71197,0,0,1,1,1,1,3.31901,0,27.48882,524320,524320,1,32.26318,36.90186,28.39069,28.03605,1,1,119.04872,0,0,0,0,12.92742,1,2880,54777,720.40869,918,1,6.5872,-2.7882,9.6185,-1.0267,12.00745,50,50,50,50,29,88,14768,70,16609,30,24,-0.00036,68.68488,7.94045,410.24664,-0.00094,18731,338.52356,342.84583,20.16145,9970,27291,0.05148,1.06876,348.79922,982.02313,849.17462,26.47805,30.36901
2022-08-12 16:21:45,hai-testbed-01,HAI 23.05 industrial testbed,industrial_control_system,14.51458,12.85705,100,40.60516,51.80562,53.05634,58.0215,302.0986,127.83046,742.0387,239.98257,985.29053,14.36822,14.22272,356.70422,27.07948,27.81067,12,11.68976,1.11252,524320,0.66849,0,0,1,1,1,1,3.36411,0,27.48882,524320,524320,1,32.27843,36.90186,28.39069,28.03868,1,1,119.04872,0,0,0,0,12.92742,1,2880,54777,720.44305,919,1,6.9246,-3.4019,10.0247,-1.1871,11.92392,50,50,50,50,29,80,14768,70,16600,30,24,-0.00036,68.61255,7.94045,410.19244,-0.00022,18694,342.61066,342.77344,20.16145,9970,27292,0.05148,1.07048,348.79922,982.02313,819.16809,26.47805,30.37474
2022-08-12 16:21:46,hai-testbed-01,HAI 23.05 industrial testbed,industrial_control_system,15.55726,12.81891,15,42.45911,51.79255,53.05634,58.40298,302.0986,116.95857,665.57056,239.98257,986.16028,14.26463,14.39056,356.80649,27.01588,27.81067,12,11.68976,1.11557,524320,0.62195,0,0,1,1,1,1,3.4092,0,27.48882,524320,524320,1,32.26318,36.90186,28.39069,28.03868,1,1,119.04872,0,0,0,0,12.92742,1,2880,54777,720.44305,919,1,6.9246,-2.9109,10.0247,-1.1871,11.92392,50,50,50,50,29,80,14752,70,16574,30,24,-0.00014,68.61255,7.94045,408.25739,-0.00065,18651,339.84375,341.86926,20.16145,9970,27285,0.05148,1.06854,348.79922,982.02313,742.0387,26.47805,30.36825
2022-08-12 16:21:47,hai-testbed-01,HAI 23.05 industrial testbed,industrial_control_system,16.32285,12.92572,15,44.37408,51.74295,53.05634,58.0215,304.08481,108.37556,608.96429,239.98257,986.16028,14.19254,14.25323,356.75537,26.96862,27.81067,12,11.68976,1.11633,524320,0.58075,0,0,1,1,1,1,3.45429,0,27.48882,524320,524320,1,32.27843,36.90186,28.39069,28.03696,1,1,119.04872,0,0,0,0,12.92742,1,2880,54776,720.51318,918,1,6.7478,-2.6225,9.6284,-0.9359,12.02635,50,50,50,50,29,72,14736,70,16564,30,24,-0.00036,68.54022,7.94045,408.29352,0.00166,18644,337.04065,342.39362,20.16145,9970,27285,0.05148,1.06693,348.79922,982.02313,665.57056,26.47805,30.36291
2022-08-12 16:21:48,hai-testbed-01,HAI 23.05 industrial testbed,industrial_control_system,16.8977,14.65759,15,44.70977,51.7264,53.05634,58.0215,302.0986,109.32922,564.27539,240.93623,986.16028,14.14512,14.21509,356.70422,26.93269,27.81067,12,11.68976,1.11633,524320,0.55252,0,0,1,1,1,1,3.49939,0,27.48882,524320,524320,1,32.26318,36.91711,28.39069,28.03081,1,1,119.04872,0,0,0,0,12.92742,1,2880,54776,720.54803,918,1,6.7059,-3.3653,9.9154,-1.21,11.92327,50,50,50,50,29,72,14720,70,16555,30,24,-0.00036,68.48596,7.94045,406.23193,-0.00029,18658,340.8927,341.99579,20.16145,9970,27296,0.05148,1.06407,348.79922,982.02313,608.96429,26.47805,30.35337
2022-08-12 16:21:49,hai-testbed-01,HAI 23.05 industrial testbed,industrial_control_system,16.72444,15.10773,15,43.54248,51.70985,53.05634,58.21227,302.0986,116.00491,569.24078,239.21962,988.33459,14.0094,14.43634,356.75537,26.89297,27.81067,12,11.68976,1.11633,524320,0.55786,0,0,1,1,1,1,3.54448,0,27.48882,524320,524320,1,32.27843,36.91711,28.39069,28.03338,1,1,119.04872,0,0,0,0,12.92742,1,2880,54776,720.37292,919,1,7.4498,-3.0712,10.1088,-0.9323,11.96105,50,50,50,50,29,64,14720,70,16544,30,24,-0.00036,68.43176,7.94045,407.02765,-0.00166,18739,338.83099,342.61066,20.16145,9970,27284,0.05148,1.06785,348.79922,982.02313,564.27539,26.47805,30.36596
2022-08-12 16:21:50,hai-testbed-01,HAI 23.05 industrial testbed,industrial_control_system,16.04669,16.54968,15,41.63513,51.60199,53.05634,59.16594,303.09189,130.88222,603.9989,239.6011,984.42072,14.09673,14.4516,356.70422,26.88666,27.81067,12,11.68976,1.11557,524320,0.59372,0,0,1,1,1,1,3.58957,0,27.48882,524320,524320,1,32.27843,36.93237,28.39069,28.04034,1,1,119.04872,0,0,0,0,12.92742,1,2880,54777,720.54852,918,1,6.8969,-2.5498,9.6822,-0.8464,12.03678,50,50,50,50,29,64,14704,70,16533,30,24,-0.00022,68.37744,7.94045,406.53937,7e-05,18638,338.57782,341.52563,20.16145,9970,27292,0.05148,1.06339,348.79922,982.02313,569.24078,26.47805,30.35109
2022-08-12 16:21:51,hai-testbed-01,HAI 23.05 industrial testbed,industrial_control_system,14.69439,16.72516,100,39.64386,51.74112,53.05634,58.97523,308.05728,145.18733,681.46008,239.4104,985.29053,14.02089,14.4516,356.65314,26.84299,27.81067,12,11.68976,1.1171,524320,0.64407,0,0,1,1,1,1,3.63467,0,27.48882,524320,524320,1,32.26318,36.94763,28.39069,28.04034,1,1,119.04872,0,0,0,0,12.92742,1,2880,54776,720.54852,918,1,6.8969,-3.2275,9.6822,-0.8464,12.03678,50,50,50,50,202,56,14688,70,16518,30,24,-0.00036,68.30511,7.94045,407.87762,7e-05,18612,338.7948,341.41705,20.16145,9970,27288,0.05148,1.06373,348.79922,982.02313,603.9989,26.47805,30.35223
2022-08-12 16:21:52,hai-testbed-01,HAI 23.05 industrial testbed,industrial_control_system,13.36899,16.73279,100,38.01117,51.695,53.05634,59.73812,307.06436,161.01836,755.94202,239.02892,984.85571,13.99511,14.4516,356.65314,26.81069,27.81067,12,11.68976,1.11633,524320,0.69672,0,0,1,1,1,1,3.67976,0,27.48882,524320,524320,1,32.27843,36.94763,28.39069,28.03601,1,1,119.04872,0,0,0,0,12.92742,1,2880,54776,720.47791,919,1,7.368,-3.2271,10.1327,-0.9902,11.94538,50,50,50,50,239,56,14688,70,16500,30,24,-0.00036,68.30511,7.94045,407.2085,0.00195,18627,339.15656,341.48944,20.16145,9970,27285,0.05148,1.06281,348.79922,982.02313,681.46008,26.47805,30.34918
2022-08-12 16:21:53,hai-testbed-01,HAI 23.05 industrial testbed,industrial_control_system,12.39502,16.45813,100,37.81281,51.7002,53.05634,59.92889,311.03644,161.59053,806.12183,239.6011,983.9859,13.98061,14.4516,356.29532,26.78321,27.81067,12,11.68976,1.1087,524320,0.70969,0,0,1,1,1,1,3.72486,0,27.48882,524320,524320,1,32.26318,36.94763,28.39069,28.03172,1,1,119.04872,0,0,0,0,12.92742,1,2880,54776,720.47766,919,1,7.1077,-3.2271,9.7954,-0.7842,12.03169,50,50,50,50,239,48,14672,70,16500,30,24,-0.00014,68.23279,7.94045,406.84674,0.00195,18570,337.80023,341.48944,20.16145,9970,27293,0.05148,1.0643,348.79922,982.02313,755.94202,26.47805,30.35414
2022-08-12 16:21:54,hai-testbed-01,HAI 23.05 industrial testbed,industrial_control_system,12.18727,14.61945,100,39.35394,51.7254,53.05634,59.73812,312.02975,140.22826,807.42639,239.79187,985.29053,13.93971,14.4516,356.19305,26.80431,27.81067,12,11.68976,1.10565,524320,0.67459,0,0,1,1,1,1,3.76995,0,27.48882,524320,524320,1,32.2937,36.96288,28.39069,28.03514,1,1,119.04872,0,0,0,0,12.92742,1,2880,54776,720.4433,918,1,6.4992,-3.0664,9.7086,-1.1147,11.9703,50,50,50,50,33,48,14672,70,16481,30,24,-0.00014,68.23279,7.94045,406.84674,0.0013,18570,337.80023,340.87457,20.16145,9970,27293,0.05148,1.06396,348.79922,982.02313,806.12183,26.47805,30.35299
2022-08-12 16:21:55,hai-testbed-01,HAI 23.05 industrial testbed,industrial_control_system,13.19467,12.48321,100,41.25366,51.66275,53.05634,60.31037,311.03644,118.86597,730.12177,239.6011,985.72546,13.88911,14.4516,356.39755,26.76207,27.81067,12,11.68976,1.10641,524320,0.63492,0,0,1,1,1,1,3.81504,0,27.48882,524320,524320,1,32.2937,36.96288,28.39069,28.02993,1,1,119.04872,0,0,0,0,12.92742,1,2880,54777,720.51276,918,1,7.2366,-3.3634,10.1112,-1.1132,11.93329,50,50,50,50,29,48,14672,70,16473,30,24,-0.00014,68.19659,7.94045,405.99683,0.00311,18503,336.84167,340.15118,20.16145,9970,27288,0.05148,1.06293,348.79922,982.02313,807.42639,26.47805,30.34956
2022-08-12 16:21:56,hai-testbed-01,HAI 23.05 industrial testbed,industrial_control_system,14.78114,12.12463,100,43.1839,51.63142,53.05634,59.54741,314.01599,107.80331,618.89545,239.21962,985.29053,13.82238,14.4516,356.2442,26.74515,27.81067,12,11.68976,1.10565,524320,0.59982,0,0,1,1,1,1,3.86014,0,27.48882,524320,524320,1,32.2937,36.97815,28.39069,28.02993,1,1,119.04872,0,0,0,0,12.92742,1,2880,54777,720.51276,918,1,7.2366,-3.3634,10.1112,-1.1132,11.93329,50,50,50,50,29,48,14656,70,16462,30,24,-0.00036,68.19659,7.94045,407.26276,-0.00029,18615,338.7948,340.96497,20.16145,9970,27294,0.05148,1.06316,348.79922,982.02313,730.12177,26.47805,30.35032
2022-08-12 16:21:57,hai-testbed-01,HAI 23.05 industrial testbed,industrial_control_system,15.5468,12.10938,15,45.15228,51.63487,53.05634,59.54741,310.04352,98.64805,561.29584,239.21962,984.42072,13.82238,14.4516,356.19305,26.71611,27.81067,12,11.68976,1.10489,524320,0.55786,0,0,1,1,1,1,3.90523,0,27.48882,524320,524320,1,32.2937,36.99341,28.39069,28.0395,1,1,119.04872,0,0,0,0,12.92742,1,2880,54777,720.47803,918,1,6.5552,-2.8346,9.6373,-1.0397,12.00186,50,50,50,50,101,48,14656,70,16453,30,24,-0.00036,68.12427,7.94045,407.47974,-0.00094,18619,338.34271,340.71185,20.16145,9970,27294,0.05148,1.06098,348.79922,982.02313,618.89545,26.47805,30.34307
2022-08-12 16:21:58,hai-testbed-01,HAI 23.05 industrial testbed,industrial_control_system,16.17102,12.28485,15,46.98334,51.65834,53.05634,58.40298,310.04352,90.06496,513.6275,239.21962,984.42072,13.83278,14.4516,356.09085,26.68696,27.81067,12,11.68976,1.10489,524320,0.51285,0,0,1,1,1,1,3.95032,0,27.48882,524320,524320,1,32.2937,36.99341,28.39069,28.02997,1,1,119.04872,0,0,0,0,12.92742,1,2880,54777,720.44354,918,1,6.9848,-3.4139,10.0208,-1.1783,11.92247,50,50,50,50,87,40,14640,70,16443,30,24,-0.00036,68.07001,7.94045,406.46704,-0.00159,18574,337.70978,340.16925,20.16145,9970,27293,0.05148,1.05892,348.79922,982.02313,561.29584,26.47805,30.33621
2022-08-12 16:21:59,hai-testbed-01,HAI 23.05 industrial testbed,industrial_control_system,16.76104,14.01672,15,47.41821,51.64875,53.05634,59.54741,304.08481,89.49278,468.93823,238.83813,983.55096,13.79514,14.4516,356.19305,26.65437,27.81067,12,11.68976,1.10413,524320,0.48614,0,0,1,1,1,1,3.99542,0,27.48882,524320,524320,1,32.30896,37.00867,28.39069,28.03689,1,1,119.04872,0,0,0,0,12.92742,1,2880,54777,720.44354,918,1,7.3921,-2.8507,10.0179,-0.8201,11.9869,50,50,50,50,30,40,14640,70,16435,30,24,-0.00014,67.99768,7.94045,405.25537,0.00101,18473,337.07684,339.30121,20.16145,9970,27287,0.05148,1.05709,348.79922,982.02313,513.6275,26.47805,30.3301
2022-08-12 16:22:00,hai-testbed-01,HAI 23.05 industrial testbed,industrial_control_system,16.69995,16.02325,15,46.31195,51.67569,53.05634,60.31037,310.04352,95.97777,465.95908,238.83813,983.55096,13.8016,14.4516,356.19305,26.64289,27.81067,12,11.68976,1.10565,524320,0.4892,0,0,1,1,1,1,4.04051,0,27.48882,524320,524320,1,32.2937,37.00867,28.39069,28.03689,1,1,119.04872,0,0,0,0,12.92742,1,2880,54777,720.44354,918,1,7.3921,-2.6551,10.0179,-0.8201,11.9869,50,50,50,50,29,40,14624,70,16407,30,24,-0.00014,67.99768,7.94045,405.54468,-0.00022,18517,337.11298,339.55438,20.16145,9970,27291,0.05148,1.05869,348.79922,982.02313,468.93823,26.47805,30.33545
2022-08-12 16:22:01,hai-testbed-01,HAI 23.05 industrial testbed,industrial_control_system,16.07011,16.36658,15,44.52667,51.66957,53.05634,59.92889,314.01599,108.56627,499.72421,238.64743,983.11615,13.74296,14.4516,356.09085,26.61696,27.81067,12,11.68976,1.10413,524320,0.52048,0,0,1,1,1,1,4.0856,0,27.48882,524320,524320,1,32.2937,37.00867,28.39069,28.02993,1,1,119.04872,0,0,0,0,12.92742,1,2880,54777,720.51385,918,1,6.7448,-3.3691,9.8909,-1.215,11.92301,50,50,50,50,29,32,14624,70,16399,30,24,-0.00036,67.96149,7.94045,406.03296,-0.00376,18594,338.72253,339.60864,20.16145,9970,27289,0.05148,1.05961,348.79922,982.02313,465.95908,26.47805,30.3385
2022-08-12 16:22:02,hai-testbed-01,HAI 23.05 industrial testbed,industrial_control_system,14.91465,16.36658,100,42.51251,51.68172,53.05634,59.73812,312.02975,122.68068,565.26837,238.83813,983.55096,13.71827,14.4516,355.98859,26.59895,27.81067,12,11.68976,1.10489,524320,0.56549,0,0,1,1,1,1,4.1307,0,27.48882,524320,524320,1,32.2937,37.02392,28.39069,28.03781,1,1,119.04872,0,0,0,0,12.92742,1,2880,54777,720.47894,919,1,7.4254,-3.037,10.084,-0.9018,11.96775,50,50,50,50,62,32,14608,70,16388,30,24,-0.00036,67.96149,7.94045,405.30963,0.00087,18514,337.1853,339.64484,20.16145,9970,27289,0.05148,1.05904,348.79922,982.02313,499.72421,26.47805,30.33659
2022-08-12 16:22:03,hai-testbed-01,HAI 23.05 industrial testbed,industrial_control_system,13.60241,16.37421,100,40.92559,51.65909,53.05634,59.54741,311.03644,135.0784,638.75739,239.21962,984.42072,13.67665,14.4516,355.93747,26.54476,27.81067,12,11.68976,1.10565,524320,0.60822,0,0,1,1,1,1,4.17579,0,27.48882,524320,524320,1,32.2937,37.03918,28.39069,28.03601,1,1,119.04872,0,0,0,0,12.92742,1,2880,54776,720.47784,917,1,6.8966,-2.5308,9.6906,-0.8352,12.03424,50,50,50,50,29,32,14608,70,16379,30,24,-0.00036,67.88916,7.94045,404.98407,7e-05,18489,337.11298,339.10229,20.16145,9970,27291,0.05148,1.05377,348.79922,982.02313,565.26837,26.47805,30.31904
2022-08-12 16:22:04,hai-testbed-01,HAI 23.05 industrial testbed,industrial_control_system,12.41822,16.29791,100,40.86456,51.61645,53.05634,59.16594,310.04352,134.31544,703.30817,239.21962,984.42072,13.61618,14.4516,355.98859,26.52481,27.81067,12,11.68976,1.10489,524320,0.61737,0,0,1,1,1,1,4.22088,0,27.48882,524320,524320,1,32.2937,37.03918,28.39069,28.03781,1,1,119.04872,0,0,0,0,12.92742,1,2880,54777,720.40833,918,1,6.5585,-3.2542,9.7856,-1.2063,11.94179,50,50,50,50,29,32,14592,70,16369,30,24,-0.00036,67.81683,7.94045,404.92981,-0.00036,18525,337.31195,339.48206,20.16145,9970,27294,0.05148,1.0556,348.79922,982.02313,638.75739,26.47805,30.32515
2022-08-12 16:22:05,hai-testbed-01,HAI 23.05 industrial testbed,industrial_control_system,12.29529,14.55078,100,42.45147,51.60686,53.05634,58.21227,308.05728,118.67519,699.33569,238.64743,984.42072,13.52712,14.4516,355.78412,26.5062,27.81067,12,11.68976,1.10565,524320,0.5899,0,0,1,1,1,1,4.26598,0,27.48882,524320,524320,1,32.2937,37.05444,28.39069,28.03781,1,1,119.04872,0,0,0,0,12.92742,1,2880,54777,720.40833,918,1,6.5585,-3.2624,9.7856,-1.2063,11.94179,50,50,50,50,29,32,14592,70,16347,30,24,-0.00036,67.76263,7.94045,404.83942,0.0008,18470,338.45129,339.15656,20.16145,9970,27289,0.05148,1.05606,348.79922,982.02313,703.30817,26.47805,30.32324
2022-08-12 16:22:06,hai-testbed-01,HAI 23.05 industrial testbed,industrial_control_system,13.39623,12.53662,100,44.4046,51.59727,53.05634,58.0215,303.09189,101.31832,617.90216,238.83813,983.11615,13.56921,14.4516,355.88638,26.47237,27.81067,12,11.68976,1.10336,524320,0.55939,0,0,1,1,1,1,4.31107,0,27.48882,524320,524320,1,32.32422,37.03918,28.39069,28.03429,1,1,119.04872,0,0,0,0,12.92742,1,2880,54776,720.44287,918,1,7.1249,-2.5469,9.7942,-0.7837,12.03153,50,50,50,50,40,24,14592,70,16334,30,24,-0.00036,67.76263,7.94045,404.65857,0.0008,18479,336.93213,339.15656,20.16145,9970,27292,0.05148,1.05503,348.79922,982.02313,699.33569,26.47805,30.32362
2022-08-12 16:22:07,hai-testbed-01,HAI 23.05 industrial testbed,industrial_control_system,14.64797,12.23907,100,46.29669,51.64247,53.05634,58.97523,302.0986,92.16306,527.5307,239.79187,983.55096,13.49617,14.27612,355.98859,26.45967,27.59704,12,11.68976,1.10336,524320,0.52353,0,0,1,1,1,1,4.35616,0,27.48882,524320,524320,1,32.2937,37.06969,28.39069,28.03429,1,1,119.04872,0,0,0,0,12.92742,1,2880,54776,720.54816,918,1,6.4903,-3.0656,9.6529,-1.1782,11.97381,50,50,50,50,50,24,14576,70,16325,30,24,-0.00036,67.76263,7.94045,405.12878,-0.00043,18472,337.34808,338.84912,20.16145,9970,27294,0.05148,1.05515,348.79922,982.02313,617.90216,26.47805,30.32019
2022-08-12 16:22:08,hai-testbed-01,HAI 23.05 industrial testbed,industrial_control_system,15.2781,12.23144,52.72219,48.17352,51.61984,53.05634,56.87714,307.06436,83.77075,479.8623,239.79187,985.72546,13.35004,13.52844,355.52856,26.43016,26.79596,12,11.68976,1.1087,524320,0.48309,0,0,1,1,1,1,4.40126,0,27.48882,524320,524320,1,32.32422,37.06969,28.39069,28.03689,1,1,119.04872,0,0,0,0,12.92742,1,2880,54777,720.47827,918,1,7.2151,-3.3643,10.1405,-1.095,11.92909,50,50,50,50,29,24,14576,70,16314,30,24,-0.00036,67.76263,7.94045,405.87018,-0.00203,18518,336.73322,338.99377,20.16145,9970,27291,0.05148,1.05412,348.79922,982.02313,527.5307,26.47805,30.32515
2022-08-12 16:22:09,hai-testbed-01,HAI 23.05 industrial testbed,industrial_control_system,15.83199,12.66632,15,50.12665,51.5224,53.05634,56.87714,296.14029,78.6209,436.16635,239.21962,985.72546,13.37593,13.414,355.22183,26.38531,26.75781,12,11.68976,1.11481,524320,0.44952,0,0,1,1,1,1,4.44635,0,27.48882,524320,524320,1,32.2937,37.08496,28.39069,28.03689,1,1,119.04872,0,0,0,0,12.92742,1,2880,54776,720.47827,918,1,7.2151,-2.6768,10.1405,-1.095,11.92909,50,50,50,50,29,24,14576,70,16305,30,24,-0.00036,67.69025,7.94045,404.53198,0.00137,18423,336.87787,338.57782,20.16145,9970,27294,0.05148,1.0556,348.79922,982.02313,479.8623,26.47805,30.32705
2022-08-12 16:22:10,hai-testbed-01,HAI 23.05 industrial testbed,industrial_control_system,16.15936,14.55078,15,51.57623,51.50759,53.05634,55.92348,296.14029,79.76534,409.35278,239.02892,984.42072,13.43226,13.49792,355.3241,26.32972,26.7807,12,11.68976,1.1171,524320,0.42587,0,0,1,1,1,1,4.49145,0,27.48882,524320,524320,1,32.30896,37.06969,28.39069,28.03162,1,1,119.04872,0,0,0,0,12.92742,1,2880,54776,720.51343,920,1,6.5588,-2.8378,9.6542,-1.0351,11.99981,50,50,50,50,29,16,14560,70,16296,30,24,-0.00014,67.65405,7.94045,405.07452,0.00022,18434,337.42041,338.1438,20.16145,9970,27291,0.05148,1.05618,348.79922,982.02313,436.16635,26.47805,30.3137
2022-08-12 16:22:11,hai-testbed-01,HAI 23.05 industrial testbed,industrial_control_system,15.94357,15.71808,15,51.41601,51.54758,53.05634,56.30488,291.1749,78.6209,415.31149,239.4104,983.9859,13.39262,13.49792,355.37521,26.26736,26.75019,12,11.68976,1.11938,524320,0.41901,0,0,1,1,1,1,4.53654,0,27.48882,524320,524320,1,32.2937,37.10022,28.39069,28.03085,1,1,119.04872,0,0,0,0,12.92742,1,2880,54776,720.47876,919,1,6.983,-3.4117,10.0347,-1.174,11.92303,50,50,50,50,39,16,14560,70,16275,30,24,-0.00036,67.65405,7.94045,404.98407,-0.00231,18549,340.25964,339.17462,20.16145,9970,27291,0.05148,1.05217,348.79922,982.02313,409.35278,26.47805,30.3137
2022-08-12 16:22:12,hai-testbed-01,HAI 23.05 industrial testbed,industrial_control_system,15.94357,15.71808,15,49.72229,51.55625,53.05634,56.30488,293.16074,83.00779,409.35278,238.83813,984.85571,13.30939,13.49792,355.4263,26.22708,26.74255,12,11.68976,1.11938,524320,0.42969,0,0,1,1,1,1,4.53654,0,27.48882,524320,524320,1,32.2937,37.08496,28.39069,28.03514,1,1,119.04872,0,0,0,0,12.92742,1,2880,54777,720.51318,919,1,7.393,-2.8319,9.9779,-0.8488,11.98735,50,50,50,50,29,16,14576,70,16268,30,24,-0.00058,67.58173,7.94045,411.00623,-0.0021,18606,343.51489,340.54907,20.16145,9970,27288,0.05148,1.05297,348.79922,982.02313,415.31149,26.47805,30.31637
2022-08-12 16:22:13,hai-testbed-01,HAI 23.05 industrial testbed,industrial_control_system,15.93567,15.77911,21.15295,47.77679,51.51187,53.05634,56.11418,293.16074,90.25574,432.19388,239.21962,983.55096,13.31109,13.49792,355.3241,26.22031,26.7807,12,11.68976,1.11862,524320,0.45029,0,0,1,1,1,1,4.58163,0,27.48882,524320,524320,1,32.30896,37.10022,28.39069,28.03774,1,1,119.04872,0,0,0,0,12.92742,1,2880,54776,720.4433,919,1,6.6755,-2.668,9.6397,-0.9483,12.02132,50,50,50,50,29,16,14592,70,16249,30,24,-0.00058,67.58173,7.94045,414.73163,-0.00311,18735,346.98712,342.1405,20.16145,9970,27296,0.05148,1.05801,348.79922,982.02313,409.35278,26.47805,30.33316
2022-08-12 16:22:14,hai-testbed-01,HAI 23.05 industrial testbed,industrial_control_system,15.46381,15.78674,100,45.94574,51.55534,53.05634,56.68636,292.16782,97.88509,469.93152,239.02892,984.42072,13.25419,13.49792,355.17075,26.21406,26.85699,12,11.68976,1.11938,524320,0.48614,0,0,1,1,1,1,4.62673,0,27.48882,524320,524320,1,32.2937,37.11548,28.39069,28.03774,1,1,119.04872,0,0,0,0,12.92742,1,2880,54776,720.4433,919,1,6.6755,-3.3854,9.6397,-0.9483,12.02132,50,50,50,50,29,16,14624,70,16234,30,24,-0.00058,67.65405,7.94045,419.16235,0.00123,18768,350.3689,343.98511,20.16145,9970,27293,0.05148,1.0619,348.79922,982.02313,432.19388,26.47805,30.34613
2022-08-12 16:22:15,hai-testbed-01,HAI 23.05 industrial testbed,industrial_control_system,14.76106,15.77911,100,44.26727,51.5127,53.05634,57.06784,295.14697,107.99409,509.655,239.4104,983.9859,13.25603,13.49792,355.17075,26.20091,26.86462,12,11.68976,1.11633,524320,0.52429,0,0,1,1,1,1,4.71691,0,27.48882,524320,524320,1,32.2937,37.11548,28.39069,28.03686,1,1,119.04872,0,0,0,0,12.92742,1,2880,54777,720.479,918,1,7.4361,-3.0319,10.0859,-0.899,11.96873,50,50,50,50,33,16,14672,70,16229,30,24,-0.00058,67.81683,7.94045,420.6814,-0.00123,18849,352.93695,344.9978,20.16145,9970,27300,0.05148,1.06556,348.79922,982.02313,469.93152,26.47805,30.35833
2022-08-12 16:22:16,hai-testbed-01,HAI 23.05 industrial testbed,industrial_control_system,14.00627,15.64178,100,44.05365,51.52137,53.05634,57.06784,297.13321,108.75697,562.28918,239.02892,984.85571,13.18202,13.49792,355.0174,26.22667,26.86462,12,11.68976,1.11557,524320,0.53345,0,0,1,1,1,1,4.76201,0,27.48882,524320,524320,1,32.2937,37.11548,28.39069,28.0421,1,1,119.04872,0,0,0,0,12.92742,1,2880,54776,720.47919,918,1,6.891,-2.5481,9.6943,-0.8478,12.0357,50,50,50,50,29,8,14720,70,16214,30,24,-0.00058,67.96149,7.94045,426.16107,-0.00022,18921,357.38568,346.80627,20.16145,9970,27292,0.05148,1.07254,348.79922,982.02313,509.655,26.47805,30.3816
2022-08-12 16:22:17,hai-testbed-01,HAI 23.05 industrial testbed,industrial_control_system,13.03914,14.29901,100,45.51849,51.47699,53.05634,56.87714,297.13321,97.50361,566.26129,238.83813,983.9859,13.20072,13.49792,354.76181,26.21479,26.86462,12,11.68976,1.11557,524320,0.5159,0,0,1,1,1,1,4.8071,0,27.48882,524320,524320,1,32.2937,37.16125,28.39069,28.03858,1,1,119.04872,0,0,0,0,12.92742,1,2880,54777,720.51501,918,1,6.5633,-3.2618,9.7834,-1.1836,11.93588,50,50,50,50,29,8,14768,70,16206,30,24,-0.00058,68.12427,7.94045,429.95874,-0.0008,19013,360.00793,348.45197,20.16145,9970,27293,0.05148,1.07368,348.79922,982.02313,562.28918,26.47805,30.38542
2022-08-12 16:22:18,hai-testbed-01,HAI 23.05 industrial testbed,industrial_control_system,12.81557,13.72681,100,47.39532,51.50219,53.05634,56.11418,296.14029,89.30208,507.66876,238.45674,983.55096,13.22271,13.49792,354.60846,26.21848,26.85699,12,11.68976,1.11633,524320,0.48767,0,0,1,1,1,1,4.85219,0,27.48882,524320,524320,1,32.30896,37.14599,28.39069,28.03858,1,1,119.04872,0,0,0,0,12.92742,1,2880,54776,720.51501,918,1,6.5633,-3.2034,9.7834,-1.1836,11.93588,50,50,50,50,29,8,14848,70,16196,30,24,-0.00058,68.43176,7.94045,433.81079,-0.00333,19178,363.48016,350.51355,20.16145,9970,27292,0.05148,1.07838,348.79922,982.02313,566.26129,26.47805,30.40106
2022-08-12 16:22:19,hai-testbed-01,HAI 23.05 industrial testbed,industrial_control_system,14.12279,12.6358,100,49.30267,51.51261,52.12555,56.30488,292.16782,79.95604,464.96613,234.83273,982.6814,13.24866,13.49792,354.45511,26.22231,26.86462,12,11.68976,1.11786,524320,0.45944,0,0,1,1,1,1,4.89729,0,27.48882,524320,524320,1,32.30896,37.14599,28.39069,28.03176,1,1,119.04872,0,0,0,0,12.92742,1,2880,54776,720.54999,919,1,7.0677,-2.522,9.7692,-0.758,12.03501,50,50,50,50,29,8,14912,70,16188,30,24,-0.00058,68.68488,7.94045,436.14362,-0.00058,19251,365.25244,352.521,20.16145,9970,27294,0.05148,1.08341,348.79922,982.02313,507.66876,26.47805,30.41784
2022-08-12 16:22:20,hai-testbed-01,HAI 23.05 industrial testbed,industrial_control_system,14.7554,12.5824,100,51.24817,51.54302,52.00348,56.49566,293.16074,73.08957,416.30444,232.54393,974.41864,13.58001,13.49792,354.30173,26.21407,26.85699,12,11.68976,1.11786,524320,0.43274,0,0,1,1,1,1,4.94238,0,27.48882,524320,524320,1,32.2937,37.16125,28.39069,28.03858,1,1,119.04872,0,0,0,0,12.92742,1,2880,54776,720.30432,919,1,6.4961,-3.0886,9.6863,-1.1345,11.96434,50,50,50,50,29,8,14976,70,16178,30,24,-0.00058,68.95612,7.94045,439.79675,-0.0008,19402,367.67578,354.72729,20.16145,9970,27292,0.05148,1.0865,348.79922,982.02313,464.96613,26.47805,30.42814
2022-08-12 16:22:21,hai-testbed-01,HAI 23.05 industrial testbed,industrial_control_system,15.2253,12.7655,61.69968,53.17078,51.88742,52.00348,57.44932,294.15405,68.89346,380.55301,232.35323,969.20013,13.82023,13.49792,354.30173,26.21407,26.85699,12,11.68976,1.11786,524320,0.41367,0,0,1,1,1,1,4.98747,0,27.48882,524320,524320,1,32.33947,37.16125,28.39069,28.02824,1,1,119.04872,0,0,0,0,12.92742,1,2880,54776,720.37329,919,1,7.2616,-3.3242,10.1363,-1.0383,11.93676,50,50,50,50,29,8,14976,70,16178,30,24,-0.00058,68.95612,7.94045,439.79675,-0.0008,19510,370.22565,354.72729,20.16145,9970,27298,0.05148,1.0865,348.79922,982.02313,416.30444,26.47805,30.46209
2022-08-12 16:22:22,hai-testbed-01,HAI 23.05 industrial testbed,industrial_control_system,15.44034,14.55078,25.14154,55.07812,52.13702,52.00348,56.68636,299.11945,68.70267,358.70523,232.16245,968.76538,13.86142,13.49792,354.25064,26.25186,26.85699,12,11.68976,1.11938,524320,0.39307,0,0,1,1,1,1,5.03257,0,27.48882,524320,524320,1,32.30896,37.17652,28.39069,28.04554,1,1,119.04872,0,0,0,0,12.92742,1,2880,54776,720.37323,919,1,7.2113,-2.5997,9.8337,-0.764,12.02032,50,50,50,50,31,8,15056,70,16170,30,24,-0.00058,69.33594,7.94045,441.5509,0.00101,19510,370.22565,356.73468,20.16145,9970,27298,0.05148,1.09669,348.79922,982.02313,380.55301,26.47805,30.46858
2022-08-12 16:22:23,hai-testbed-01,HAI 23.05 industrial testbed,industrial_control_system,15.37598,14.93988,36.08301,56.54296,52.20657,52.00348,56.87714,295.14697,68.51198,357.71191,232.73463,968.33038,13.91271,13.49792,354.30173,26.24348,26.85699,12,11.68976,1.11862,524320,0.37781,0,0,1,1,1,1,5.07766,0,27.48882,524320,524320,1,32.30896,37.17652,28.39069,28.04554,1,1,119.04872,0,0,0,0,12.92742,1,2880,54777,720.37323,919,1,7.2113,-2.5997,9.8337,-0.764,12.02032,50,50,50,50,29,8,15136,70,16158,30,24,-0.00036,69.64337,7.94045,443.61255,-0.00029,19545,372.39581,357.74738,20.16145,9970,27293,0.05148,1.09863,348.79922,982.02313,358.70523,26.47805,30.48994
2022-08-12 16:22:24,hai-testbed-01,HAI 23.05 industrial testbed,industrial_control_system,15.29178,14.94751,50.39716,56.43616,52.27787,52.034,56.68636,296.14029,68.89346,356.71902,231.78098,969.63495,13.87829,13.49792,354.35284,26.27075,26.85699,12,11.68976,1.11938,524320,0.37857,0,0,1,1,1,1,5.12276,0,27.48882,524320,524320,1,32.27843,37.19176,28.39069,28.0395,1,1,119.04872,0,0,0,0,12.92742,1,2880,54777,720.47809,918,1,7.0888,-3.3986,10.0728,-1.1608,11.92313,50,50,50,50,30,8,15216,70,16144,30,24,-0.00036,69.95081,7.94045,447.13904,-0.00087,19594,376.01276,359.12183,20.16145,9970,27298,0.05148,1.10848,348.79922,982.02313,357.71191,26.47805,30.50138
2022-08-12 16:22:25,hai-testbed-01,HAI 23.05 industrial testbed,industrial_control_system,15.18163,14.95514,69.1232,54.77295,52.27785,52.00348,56.87714,295.14697,69.84711,358.70523,232.35323,967.46063,13.98026,13.49792,354.30173,26.27798,26.86462,12,11.68976,1.11862,524320,0.38391,0,0,1,1,1,1,5.16785,0,27.48882,524320,524320,1,32.33947,37.19176,28.39069,28.03426,1,1,119.04872,0,0,0,0,12.92742,1,2880,54776,720.51355,920,1,7.331,-2.7455,9.9044,-0.841,11.99569,50,50,50,50,35,8,15280,70,16126,30,24,-0.00036,70.3125,7.94045,449.29114,-0.00159,19758,376.2478,361.23773,20.16145,9970,27294,0.05148,1.11523,348.79922,982.02313,356.71902,26.47805,30.52389
2022-08-12 16:22:26,hai-testbed-01,HAI 23.05 industrial testbed,industrial_control_system,14.96703,14.94751,100,53.22418,52.41872,51.99585,56.49566,296.14029,71.75443,363.67062,231.78098,968.76538,13.96546,13.49792,354.30173,26.31198,26.86462,12,11.68976,1.11938,524320,0.3923,0,0,1,1,1,1,5.21294,0,27.48882,524320,524320,1,32.30896,37.19176,28.39069,28.03517,1,1,119.04872,0,0,0,0,12.92742,1,2880,54777,720.47864,918,1,6.5925,-2.758,9.6161,-1.0052,12.01255,50,50,50,50,34,8,15360,70,16117,30,24,-0.00036,70.60187,7.94045,450.08685,0.00029,19860,377.15204,363.08234,20.16145,9970,27287,0.05148,1.1166,348.79922,982.02313,358.70523,26.47805,30.52847
2022-08-12 16:22:27,hai-testbed-01,HAI 23.05 industrial testbed,industrial_control_system,14.72061,14.95514,100,52.97241,52.42218,51.99585,57.06784,294.15405,72.32661,373.60141,232.54393,967.46063,14.04378,13.49792,354.30173,26.31349,26.86462,12,11.68976,1.11938,524320,0.39688,0,0,1,1,1,1,5.25804,0,27.48882,524320,524320,1,32.32422,37.22229,28.39069,28.03946,1,1,119.04872,0,0,0,0,12.92742,1,2880,54777,720.58405,919,1,6.869,-3.4084,9.9817,-1.2089,11.92607,50,50,50,50,40,8,15456,70,16097,30,24,-0.00036,70.98163,7.94045,452.98035,-0.00094,19976,378.7254,364.89075,20.16145,9970,27292,0.05148,1.12083,348.79922,982.02313,363.67062,26.47805,30.54258
2022-08-12 16:22:28,hai-testbed-01,HAI 23.05 industrial testbed,industrial_control_system,14.55946,14.95514,100,54.58221,52.53001,51.99585,57.06784,297.13321,71.37296,376.58057,232.35323,969.20013,14.00314,13.49792,354.14838,26.33432,26.86462,12,11.68976,1.11786,524320,0.3923,0,0,1,1,1,1,5.30313,0,27.48882,524320,524320,1,32.2937,37.22229,28.39069,28.03946,1,1,119.04872,0,0,0,0,12.92742,1,2880,54777,720.58405,919,1,6.869,-2.9056,9.9817,-1.2089,11.92607,50,50,50,50,34,8,15520,70,16089,30,24,-0.00036,71.36145,7.94045,454.58984,-0.00051,20050,381.70935,366.48218,20.16145,9970,27289,0.05148,1.12598,348.79922,982.02313,373.60141,26.47805,30.55975
2022-08-12 16:22:29,hai-testbed-01,HAI 23.05 industrial testbed,industrial_control_system,14.54464,14.95514,100,56.42852,52.5152,52.01873,56.49566,297.13321,68.3212,371.61517,232.73463,968.76538,14.06954,13.49792,353.99503,26.3701,26.86462,12,11.68976,1.11786,524320,0.3801,0,0,1,1,1,1,5.34822,0,27.48882,524320,524320,1,32.2937,37.20703,28.39069,28.03865,1,1,119.04872,0,0,0,0,12.92742,1,2880,54777,720.51343,919,1,6.7394,-2.6128,9.6104,-0.9258,12.02776,50,50,50,50,29,8,15600,70,16080,30,24,-0.00036,71.68695,7.94045,459.07477,-0.0021,20092,381.00403,367.56732,20.16145,9970,27296,0.05148,1.13045,348.79922,982.02313,376.58057,26.47805,30.57463
2022-08-12 16:22:30,hai-testbed-01,HAI 23.05 industrial testbed,industrial_control_system,14.69493,14.95514,100,58.32825,52.58475,53.05634,57.44932,294.15405,64.88796,355.72568,235.0235,969.63495,14.08532,13.49792,353.94391,26.39759,26.86462,12,11.68976,1.1171,524320,0.36713,0,0,1,1,1,1,5.39332,0,27.48882,524320,524320,1,32.30896,37.22229,28.39069,28.03601,1,1,119.04872,0,0,0,0,12.92742,1,2880,54777,720.54901,919,1,6.7073,-3.3797,9.8659,-1.2508,11.92309,50,50,50,50,29,0,15664,70,16062,30,24,-0.00036,72.08478,7.94045,459.6535,-0.00159,20205,384.92841,369.33954,20.16145,9970,27292,0.05148,1.13812,348.79922,982.02313,371.61517,26.47805,30.60019
2022-08-12 16:22:31,hai-testbed-01,HAI 23.05 industrial testbed,industrial_control_system,14.85804,14.95514,100,60.17456,52.60126,53.14026,57.06784,299.11945,64.31578,337.84998,235.78639,974.85358,13.90456,13.49792,353.79056,26.44814,26.86462,12,11.68976,1.11786,524320,0.35797,0,0,1,1,1,1,5.43841,0,27.48882,524320,524320,1,32.2937,37.22229,28.39069,28.03433,1,1,119.04872,0,0,0,0,12.92742,1,2880,54776,720.47839,919,1,7.4443,-3.0326,10.0996,-0.8967,11.96484,50,50,50,50,35,0,15760,70,16035,30,24,-0.00036,72.44647,7.94045,459.76202,-0.00181,20274,387.31549,370.67786,20.16145,9970,27296,0.05148,1.13709,348.79922,982.02313,355.72568,26.47805,30.59675
2022-08-12 16:22:32,hai-testbed-01,HAI 23.05 industrial testbed,industrial_control_system,14.82071,14.95514,100,62.06665,52.43163,53.10211,57.25861,297.13321,61.07325,334.87082,236.35864,976.59296,13.86238,13.49792,353.84171,26.44924,26.85699,12,11.68976,1.11786,524320,0.34729,0,0,1,1,1,1,5.4835,0,27.48882,524320,524320,1,32.30896,37.23754,28.39069,28.03433,1,1,119.04872,0,0,0,0,12.92742,1,2880,54777,720.47839,919,1,7.4443,-2.5517,10.0996,-0.8967,11.96484,50,50,50,50,30,0,15824,70,16026,30,24,-0.00014,72.77197,7.94045,461.42578,0.00246,20260,386.95386,371.83521,20.16145,9970,27294,0.05148,1.14544,348.79922,982.02313,337.84998,26.47805,30.6246
2022-08-12 16:22:33,hai-testbed-01,HAI 23.05 industrial testbed,industrial_control_system,14.9808,14.95514,100,63.95111,52.38726,53.125,57.44932,298.1265,59.54741,317.98807,236.35864,977.89771,13.79836,13.49792,353.84171,26.50271,26.85699,12,11.68976,1.11633,524320,0.34119,0,0,1,1,1,1,5.5286,0,27.48882,524320,524320,1,32.2937,37.23754,28.39069,28.03432,1,1,119.04872,0,0,0,0,12.92742,1,2880,54777,720.40912,917,1,6.6045,-3.2809,9.8293,-1.1276,11.92569,50,50,50,50,46,0,15888,70,16015,30,24,-0.00014,73.07941,7.94045,462.56512,0.00217,20303,386.80914,372.77563,20.16145,9970,27293,0.05148,1.14899,348.79922,982.02313,334.87082,26.47805,30.63643
2022-08-12 16:22:34,hai-testbed-01,HAI 23.05 industrial testbed,industrial_control_system,15.02275,14.95514,96.13333,65.80505,52.35418,53.14789,57.44932,299.11945,57.8308,310.04352,235.97716,977.89771,13.79058,13.49792,353.94391,26.54314,26.85699,12,11.68976,1.11557,524320,0.33661,0,0,1,1,1,1,5.57369,0,27.48882,524320,524320,1,32.30896,37.23754,28.39069,28.03601,1,1,119.04872,0,0,0,0,12.92742,1,2880,54777,720.51428,919,1,7.3944,-3.1592,10.1352,-0.9605,11.95009,50,50,50,50,31,0,15952,70,15996,30,24,-0.00014,73.42303,7.94045,465.87457,-0.00058,20407,390.71539,374.0777,20.16145,9970,27292,0.05148,1.15471,348.79922,982.02313,317.98807,26.47805,30.6555
2022-08-12 16:22:35,hai-testbed-01,HAI 23.05 industrial testbed,industrial_control_system,15.0619,14.95514,89.47778,67.54456,52.37068,53.13263,55.7327,299.11945,58.0215,301.10565,235.97716,977.02789,13.80142,13.49792,353.68835,26.59351,26.85699,12,11.68976,1.11633,524320,0.33508,0,0,1,1,1,1,5.61878,0,27.48882,524320,524320,1,32.2937,37.2528,28.39069,28.03946,1,1,119.04872,0,0,0,0,12.92742,1,2880,54776,720.54932,919,1,7.0264,-2.5238,9.7218,-0.8344,12.03441,50,50,50,50,29,0,16048,70,15970,30,24,-0.00014,73.73047,7.94045,466.88727,0.00043,20502,390.60693,375.8681,20.16145,9970,27293,0.05148,1.15746,348.79922,982.02313,310.04352,26.47805,30.66465
2022-08-12 16:22:36,hai-testbed-01,HAI 23.05 industrial testbed,industrial_control_system,14.97021,14.95514,100,69.44427,52.42371,53.07159,56.30488,290.18158,57.06784,302.0986,236.16786,977.02789,13.83846,13.49792,353.73947,26.6235,26.85699,12,11.68976,1.11481,524320,0.33127,0,0,1,1,1,1,5.66388,0,27.48882,524320,524320,1,32.2937,37.26807,28.39069,28.02997,1,1,119.04872,0,0,0,0,12.92742,1,2880,54777,720.47919,920,1,6.5238,-3.148,9.7281,-1.1774,11.95767,50,50,50,50,30,0,16112,70,15950,30,24,-0.00036,74.05597,7.94045,469.00317,-0.00354,20672,392.18024,377.49567,20.16145,9970,27288,0.05148,1.16558,348.79922,982.02313,301.10565,26.47805,30.69174
2022-08-12 16:22:37,hai-testbed-01,HAI 23.05 industrial testbed,industrial_control_system,14.95513,14.95514,100,71.23718,52.4437,53.05634,56.87714,293.16074,58.21227,297.13321,236.16786,977.46271,13.80876,13.49792,353.58609,26.74014,26.86462,12,11.68976,1.11252,524320,0.32974,0,0,1,1,1,1,5.70897,0,27.48882,524320,524320,1,32.30896,37.26807,28.39069,28.02997,1,1,119.04872,0,0,0,0,12.92742,1,2880,54777,720.47919,920,1,6.5238,-3.268,9.7281,-1.1774,11.95767,50,50,50,50,29,0,16160,70,15943,30,24,-0.00036,74.41766,7.94045,468.69574,-0.00326,20744,391.8186,379.0871,20.16145,9970,27297,0.05148,1.16787,348.79922,982.02313,302.0986,26.47805,30.69937
2022-08-12 16:22:38,hai-testbed-01,HAI 23.05 industrial testbed,industrial_control_system,14.76822,14.94751,100,73.0835,52.44542,53.05634,56.30488,296.14029,56.11418,303.09189,236.54935,977.46271,13.82842,13.49792,353.38165,26.80989,26.86462,12,11.68976,1.11481,524320,0.32364,0,0,1,1,1,1,5.75406,0,27.48882,524320,524320,1,32.2937,37.26807,28.39069,28.02993,1,1,119.04872,0,0,0,0,12.92742,1,2880,54776,720.47955,918,1,7.1674,-2.5578,9.7667,-0.851,12.03004,50,50,50,50,29,0,16224,70,15927,30,24,-0.00014,74.70703,7.94045,469.31067,-0.00094,20773,391.61963,380.02747,20.16145,9970,27293,0.05148,1.17519,348.79922,982.02313,297.13321,26.47805,30.72378
2022-08-12 16:22:39,hai-testbed-01,HAI 23.05 industrial testbed,industrial_control_system,14.76822,14.95514,100,73.0835,52.44542,53.05634,56.30488,296.14029,56.11418,303.09189,236.54935,977.46271,13.82842,13.49792,353.38165,26.84724,26.86462,12,11.68976,1.11862,524320,0.3244,0,0,1,1,1,1,5.75406,0,27.48882,524320,524320,1,32.2937,37.26807,28.39069,28.03172,1,1,119.04872,0,0,0,0,12.92742,1,2880,54777,720.48004,919,1,6.5125,-3.0535,9.673,-1.1726,11.97142,50,50,50,50,33,0,16288,70,15902,30,24,-0.00014,75.03253,7.94045,470.2691,0.00195,20788,392.46967,381.2934,20.16145,9970,27293,0.05148,1.17863,348.79922,982.02313,297.13321,26.47805,30.72378
2022-08-12 16:22:40,hai-testbed-01,HAI 23.05 industrial testbed,industrial_control_system,14.8078,14.95514,100,76.69219,52.44537,53.05634,56.68636,298.1265,55.35122,289.18866,236.74011,977.46271,13.90074,13.49792,352.97272,26.86573,26.86462,12,11.68976,1.11938,524320,0.3244,0,0,1,1,1,1,5.84425,0,27.48882,524320,524320,1,32.2937,37.26807,28.39069,28.03601,1,1,119.04872,0,0,0,0,12.92742,1,2880,54777,720.55035,919,1,7.2537,-3.356,10.1551,-1.09,11.93349,50,50,50,50,68,0,16352,70,15876,30,24,-0.00014,75.33997,7.94045,472.71051,7e-05,20829,394.13336,381.8902,20.16145,9970,27292,0.05148,1.17989,348.79922,982.02313,292.16782,26.47805,30.73942
2022-08-12 16:22:41,hai-testbed-01,HAI 23.05 industrial testbed,industrial_control_system,14.73102,14.95514,100,78.47747,52.49666,53.05634,57.06784,295.14697,55.7327,288.19534,236.16786,978.76746,13.86242,13.49792,353.0238,26.90618,26.86462,12,11.68976,1.11938,524320,0.32135,0,0,1,1,1,1,5.88935,0,27.48882,524320,524320,1,32.2937,37.26807,28.39069,28.03601,1,1,119.04872,0,0,0,0,12.92742,1,2880,54776,720.55035,919,1,7.2537,-2.6009,10.1551,-1.09,11.93349,50,50,50,50,44,0,16400,70,15865,30,24,-0.00014,75.57513,7.94045,473.7052,0.00065,20872,395.16418,383.01141,20.16145,9970,27293,0.05148,1.18252,348.79922,982.02313,289.18866,26.47805,30.7482
2022-08-12 16:22:42,hai-testbed-01,HAI 23.05 industrial testbed,industrial_control_system,14.60411,14.95514,100,80.26276,52.46011,53.05634,57.25861,297.13321,55.92348,290.18158,236.16786,977.46271,13.86242,13.49792,353.0238,26.94495,26.86462,12,11.68976,1.11938,524320,0.32211,0,0,1,1,1,1,5.93444,0,27.48882,524320,524320,1,32.30896,37.29858,28.39069,28.04125,1,1,119.04872,0,0,0,0,12.92742,1,2880,54776,720.48077,919,1,6.5176,-2.9263,9.6571,-1.0839,11.99124,50,50,50,50,38,0,16464,70,15845,30,24,-0.00036,75.82825,7.94045,476.90613,-0.00188,21053,396.71948,385.09113,20.16145,9970,27297,0.05148,1.18389,348.79922,982.02313,288.19534,26.47805,30.75277
2022-08-12 16:22:43,hai-testbed-01,HAI 23.05 industrial testbed,industrial_control_system,14.48294,14.95514,100,82.13196,52.52793,53.05634,56.68636,298.1265,53.4439,291.1749,235.97716,977.02789,13.90069,13.49792,352.9216,26.98442,26.85699,12,11.68976,1.12091,524320,0.31601,0,0,1,1,1,1,5.97953,0,27.48882,524320,524320,1,32.2937,37.31384,28.39069,28.02912,1,1,119.04872,0,0,0,0,12.92742,1,2880,54777,720.44568,919,1,7.1088,-3.3978,10.071,-1.1642,11.92482,50,50,50,50,29,0,16512,70,15837,30,24,-0.00014,76.11761,7.94045,475.45935,-7e-05,21100,397.49713,386.04962,20.16145,9970,27292,0.05148,1.18526,348.79922,982.02313,290.18158,26.47805,30.75735
2022-08-12 16:22:44,hai-testbed-01,HAI 23.05 industrial testbed,industrial_control_system,14.60685,14.95514,100,83.90197,52.56443,53.05634,55.7327,295.14697,54.58834,278.26456,236.35864,977.89771,13.91672,13.49792,352.76825,27.0496,26.86462,12,11.68976,1.11938,524320,0.32059,0,0,1,1,1,1,6.02463,0,27.48882,524320,524320,1,32.2937,37.31384,28.39069,28.03774,1,1,119.04872,0,0,0,0,12.92742,1,2880,54777,720.55103,919,1,7.337,-2.6931,9.9118,-0.8195,12.00186,50,50,50,50,60,0,16560,70,15819,30,24,-0.00014,76.37079,7.94045,476.49011,0.00051,21101,397.69604,386.71875,20.16145,9970,27296,0.05148,1.19293,348.79922,982.02313,291.1749,26.47805,30.78291
2022-08-12 16:22:45,hai-testbed-01,HAI 23.05 industrial testbed,industrial_control_system,14.42225,14.95514,100,85.77118,52.54788,53.05634,56.68636,290.18158,53.4439,284.22327,237.1216,979.63727,13.89808,13.49792,352.9216,27.11465,26.85699,12,11.68976,1.11938,524320,0.31754,0,0,1,1,1,1,6.06972,0,27.48882,524320,524320,1,32.2937,37.31384,28.39069,28.03169,1,1,119.04872,0,0,0,0,12.92742,1,2880,54777,720.48065,919,1,6.5522,-2.8359,9.6294,-1.049,12.0034,50,50,50,50,34,0,16624,70,15785,30,24,-0.00014,76.6059,7.94045,475.83911,-0.00051,21109,398.69067,387.18896,20.16145,9970,27298,0.05148,1.19694,348.79922,982.02313,278.26456,26.47805,30.79626
2022-08-12 16:22:46,hai-testbed-01,HAI 23.05 industrial testbed,industrial_control_system,14.41903,14.95514,100,87.64038,52.49132,53.05634,56.30488,295.14697,54.01608,278.26456,236.54935,978.33252,13.84959,13.49792,352.7171,27.16003,26.85699,12,11.68976,1.11938,524320,0.31601,0,0,1,1,1,1,6.11481,0,27.48882,524320,524320,1,32.27843,37.3291,28.39069,28.03169,1,1,119.04872,0,0,0,0,12.92742,1,2880,54777,720.48065,919,1,6.5522,-3.3966,9.6294,-1.049,12.0034,50,50,50,50,29,0,16672,70,15774,30,24,-0.00014,76.85907,7.94045,478.66028,-0.00051,21174,399.3056,388.25598,20.16145,9970,27292,0.05148,1.1982,348.79922,982.02313,284.22327,26.47805,30.80046
2022-08-12 16:22:47,hai-testbed-01,HAI 23.05 industrial testbed,industrial_control_system,14.28213,14.95514,100,89.39514,52.55566,53.05634,56.11418,293.16074,53.4439,281.24371,236.93082,979.20227,13.86878,13.49792,352.7171,27.20365,26.85699,12,11.68976,1.11862,524320,0.31677,0,0,1,1,1,1,6.15991,0,27.48882,524320,524320,1,32.2937,37.34435,28.39069,28.03601,1,1,119.04872,0,0,0,0,12.92742,1,2880,54776,720.48065,919,1,7.3804,-2.7932,9.9666,-0.8522,11.9908,50,50,50,50,29,0,16704,70,15765,30,24,-0.00014,77.02185,7.94045,477.37628,0.00152,21224,399.55872,389.25055,20.16145,9970,27291,0.05148,1.199,348.79922,982.02313,278.26456,26.47805,30.80313
2022-08-12 16:22:48,hai-testbed-01,HAI 23.05 industrial testbed,industrial_control_system,14.22736,14.95514,100,91.27197,52.5339,53.05634,57.06784,292.16782,53.4439,278.26456,237.1216,979.63727,13.86245,13.49792,352.76825,27.26728,27.09351,12,11.68976,1.11786,524320,0.31754,0,0,1,1,1,1,6.205,0,27.48882,524320,524320,1,32.2937,37.34435,28.39069,28.03858,1,1,119.04872,0,0,0,0,12.92742,1,2880,54777,720.51538,920,1,6.6184,-2.7453,9.5704,-1.0437,12.01369,50,50,50,50,29,0,16752,70,15731,30,24,0.00014,77.29309,7.94045,477.06885,0.00094,21245,399.26941,389.79309,20.16145,9970,27297,0.05148,1.20277,348.79922,982.02313,281.24371,26.47805,30.81572
2022-08-12 16:22:49,hai-testbed-01,HAI 23.05 industrial testbed,industrial_control_system,14.12853,14.64996,100,93.17931,52.52691,53.05634,57.64009,297.13321,54.01608,278.26456,236.16786,978.33252,13.87421,13.49792,352.41043,27.32058,27.83356,12,11.68976,1.12396,524320,0.32135,0,0,1,1,1,1,6.25009,0,27.48882,524320,524320,1,32.2937,37.34435,28.39069,28.03693,1,1,119.04872,0,0,0,0,12.92742,1,2880,54777,720.48047,919,1,6.9372,-3.4107,10.0007,-1.2151,11.92552,50,50,50,50,29,0,16784,70,15731,30,24,0.00014,77.52826,7.94045,477.06885,0.00094,21245,401.33099,389.79309,20.16145,9970,27294,0.05148,1.20415,348.79922,982.02313,278.26456,26.47805,30.8325
2022-08-12 16:22:50,hai-testbed-01,HAI 23.05 industrial testbed,industrial_control_system,13.98535,14.13116,100,94.96459,52.59126,53.05634,57.64009,300.11276,53.4439,281.24371,236.35864,977.46271,13.96478,13.49792,352.56378,27.3509,27.86407,12,11.68976,1.12473,524320,0.32059,0,0,1,1,1,1,6.29519,0,27.48882,524320,524320,1,32.27843,37.37488,28.39069,28.03693,1,1,119.04872,0,0,0,0,12.92742,1,2880,54776,720.48047,919,1,6.9372,-2.8769,10.0007,-1.2151,11.92552,50,50,50,50,38,0,16784,70,15719,30,24,-0.00036,77.52826,7.94045,479.61877,-0.00253,21350,401.33099,390.96863,20.16145,9970,27294,0.05148,1.20781,348.79922,982.02313,278.26456,26.47805,30.83593
2022-08-12 16:22:51,hai-testbed-01,HAI 23.05 industrial testbed,industrial_control_system,13.93835,14.12353,100,96.94824,52.64255,53.05634,57.44932,300.11276,53.4439,278.26456,236.93082,977.89771,13.92346,13.49792,352.25708,27.39423,27.83356,12,11.68976,1.12778,524320,0.3183,0,0,1,1,1,1,6.34028,0,27.48882,524320,524320,1,32.2937,37.35962,28.39069,28.04037,1,1,119.04872,0,0,0,0,12.92742,1,2880,54776,720.44415,920,1,6.6921,-2.6658,9.6393,-0.9506,12.02165,50,50,50,50,31,0,16816,70,15707,30,24,-0.00014,77.70911,7.94045,480.16132,0.00166,21359,400.9151,391.83667,20.16145,9970,27296,0.05148,1.20884,348.79922,982.02313,281.24371,26.47805,30.8428
2022-08-12 16:22:52,hai-testbed-01,HAI 23.05 industrial testbed,industrial_control_system,13.93835,14.12353,100,97.29919,52.64252,53.05634,58.21227,299.11945,52.29947,278.26456,235.97716,979.20227,13.91983,13.49792,352.30817,27.43108,28.0014,12,11.68976,1.12854,524320,0.32059,0,0,1,1,1,1,6.34028,0,27.48882,524320,524320,1,32.2937,37.39014,28.39069,28.03862,1,1,119.04872,0,0,0,0,12.92742,1,2880,54777,720.40875,919,1,6.8154,-3.4003,9.9362,-1.2314,11.92439,50,50,50,50,29,-8,16880,70,15692,30,24,-0.00014,77.81757,7.94045,480.54114,-0.00058,21404,401.20441,392.1441,20.16145,9970,27292,0.05148,1.2109,348.79922,982.02313,278.26456,26.47805,30.8428
2022-08-12 16:22:53,hai-testbed-01,HAI 23.05 industrial testbed,industrial_control_system,13.83039,14.00909,100,97.29919,52.60423,53.05634,58.21227,303.09189,51.91799,272.30588,235.97716,977.02789,13.9957,13.49792,352.20596,27.43108,28.0014,12,11.68976,1.12854,524320,0.31601,0,0,1,1,1,1,6.38537,0,27.48882,524320,524320,1,32.30896,37.37488,28.39069,28.03686,1,1,119.04872,0,0,0,0,12.92742,1,2880,54777,720.47778,920,1,7.4211,-2.9726,10.0525,-0.8972,11.97806,50,50,50,50,29,-8,16912,70,15654,30,24,-0.00014,78.05261,7.94045,479.58258,-0.00065,21468,401.09595,393.13879,20.16145,9970,27293,0.05148,1.2109,348.79922,982.02313,278.26456,26.47805,30.85615
2022-08-12 16:22:54,hai-testbed-01,HAI 23.05 industrial testbed,industrial_control_system,13.81832,14.00146,100,97.29919,52.70684,53.05634,57.64009,303.09189,52.29947,270.31964,235.59569,977.02789,14.01636,13.49792,352.41043,27.48966,28.03192,12,11.68976,1.12778,524320,0.31601,0,0,1,1,1,1,6.47556,0,27.48882,524320,524320,1,32.27843,37.39014,28.39069,28.03605,1,1,119.04872,0,0,0,0,12.92742,1,2880,54777,720.47736,920,1,6.7706,-2.9726,9.6413,-0.9118,12.02977,50,50,50,50,34,-8,16944,70,15638,30,24,-0.00014,78.25159,7.94045,482.42188,-0.00109,21489,402.61499,393.7536,20.16145,9970,27296,0.05148,1.21742,348.79922,982.02313,272.30588,26.47805,30.86454
2022-08-12 16:22:55,hai-testbed-01,HAI 23.05 industrial testbed,industrial_control_system,13.76527,14.00146,100,97.29919,52.72682,53.05634,56.87714,300.11276,51.34581,272.30588,236.16786,976.15814,14.02258,13.49792,352.35928,27.55007,27.98614,12,11.68976,1.12854,524320,0.31754,0,0,1,1,1,1,6.52065,0,27.48882,524320,524320,1,32.2937,37.39014,28.39069,28.03605,1,1,119.04872,0,0,0,0,12.92742,1,2880,54777,720.47736,920,1,6.7706,-3.364,9.6413,-0.9118,12.02977,50,50,50,50,38,-8,16976,70,15627,30,25,-0.00014,78.36011,7.94045,482.87396,-0.00159,21586,402.59692,395.00146,20.16145,9970,27294,0.05148,1.21948,348.79922,982.02313,270.31964,26.47805,30.87141
2022-08-12 16:22:56,hai-testbed-01,HAI 23.05 industrial testbed,industrial_control_system,13.62574,14.00146,100,97.29919,52.78333,53.05634,57.44932,296.14029,52.68095,267.34048,236.54935,977.46271,13.98452,13.49792,352.20596,27.6017,27.81829,12,11.68976,1.12854,524320,0.31525,0,0,1,1,1,1,6.56575,0,27.48882,524320,524320,1,32.2937,37.39014,28.39069,28.03517,1,1,119.04872,0,0,0,0,12.92742,1,2880,54777,720.54675,918,1,7.4602,-3.0449,10.1029,-0.9271,11.96357,50,50,50,50,40,-8,17008,70,15610,30,24,-0.00014,78.55902,7.94045,483.34418,-0.00253,21600,402.4884,395.59821,20.16145,9970,27289,0.05148,1.2188,348.79922,982.02313,272.30588,26.47805,30.86912
2022-08-12 16:22:57,hai-testbed-01,HAI 23.05 industrial testbed,industrial_control_system,13.39429,14.00146,100,97.29919,52.752,53.05634,58.78445,299.11945,51.15511,274.29211,236.54935,978.33252,13.97617,13.49792,352.20596,27.64357,27.81067,12,11.68976,1.13083,524320,0.31525,0,0,1,1,1,1,6.61084,0,27.48882,524320,524320,1,32.27843,37.40539,28.39069,28.03865,1,1,119.04872,0,0,0,0,12.92742,1,2880,54777,720.47607,920,1,6.8708,-2.5566,9.6568,-0.863,12.03515,50,50,50,50,35,-8,17040,70,15590,30,24,-0.00014,78.73987,7.94045,482.00598,0.0008,21618,401.81927,396.03229,20.16145,9970,27292,0.05148,1.22189,348.79922,982.02313,267.34048,26.47805,30.87942
2022-08-12 16:22:58,hai-testbed-01,HAI 23.05 industrial testbed,industrial_control_system,13.41659,14.00146,100,97.30682,52.73371,53.05634,58.0215,306.07104,52.10876,266.34756,236.74011,978.33252,13.97551,13.49792,352.20596,27.6929,27.81067,12,11.68976,1.1293,524320,0.31677,0,0,1,1,1,1,6.65594,0,27.48882,524320,524320,1,32.26318,37.40539,28.39069,28.03602,1,1,119.04872,0,0,0,0,12.92742,1,2880,54777,720.37085,920,1,6.6047,-3.3035,9.806,-1.2014,11.92855,50,50,50,50,35,-8,17072,70,15555,30,24,-0.00014,78.86646,7.94045,484.61011,-0.00065,21701,403.15753,397.08112,20.16145,9970,27292,0.05148,1.22452,348.79922,982.02313,274.29211,26.47805,30.8882
2022-08-12 16:22:59,hai-testbed-01,HAI 23.05 industrial testbed,industrial_control_system,13.24328,14.00146,100,97.30682,52.74847,53.05634,58.0215,302.0986,51.34581,271.31296,236.54935,978.76746,13.95714,13.49792,352.05261,27.76026,27.81067,12,11.68976,1.1293,524320,0.31677,0,0,1,1,1,1,6.70103,0,27.48882,524320,524320,1,32.2937,37.42065,28.39069,28.03946,1,1,119.04872,0,0,0,0,12.92742,1,2880,54777,720.40582,919,1,7.412,-3.1472,10.1345,-0.9385,11.95376,50,50,50,50,29,-8,17104,70,15536,30,24,-0.00029,79.02917,7.94045,486.09302,-0.00282,21716,405.11066,397.38855,20.16145,9970,27288,0.05148,1.22669,348.79922,982.02313,266.34756,26.47805,30.89544
2022-08-12 16:23:00,hai-testbed-01,HAI 23.05 industrial testbed,industrial_control_system,13.18652,14.00146,100,97.30682,52.74497,53.05634,57.8308,302.0986,51.15511,267.34048,235.97716,978.33252,13.99772,13.49792,352.0015,27.81928,27.81067,12,11.68976,1.1293,524320,0.31525,0,0,1,1,1,1,6.74612,0,27.48882,524320,524320,1,32.27843,37.42065,28.39069,28.03946,1,1,119.04872,0,0,0,0,12.92742,1,2880,54776,720.40582,919,1,7.412,-2.5298,10.1345,-0.9385,11.95376,50,50,50,50,38,-8,17120,70,15527,30,24,-0.00014,79.17395,7.94045,484.06757,0.00174,21683,403.62775,397.84076,20.16145,9972,27289,0.05148,1.22932,348.79922,982.02313,271.31296,26.47805,30.90422
2022-08-12 16:23:01,hai-testbed-01,HAI 23.05 industrial testbed,industrial_control_system,13.10398,14.00909,100,97.29919,52.77626,53.05634,58.0215,301.10565,52.29947,266.34756,235.97716,977.02789,14.05944,13.49792,351.89926,27.88179,27.81067,12,11.68976,1.12854,524320,0.31982,0,0,1,1,1,1,6.79122,0,27.48882,524320,524320,1,32.27843,37.43591,28.39069,28.03686,1,1,119.04872,0,0,0,0,12.92742,1,2880,54777,720.47522,919,1,6.5299,-3.2478,9.7163,-1.2306,11.94447,50,50,50,50,42,-8,17152,70,15506,30,24,-0.00014,79.28241,7.94045,482.29529,0.00275,21684,402.14484,398.27472,20.16145,9970,27294,0.05148,1.23116,348.79922,982.02313,267.34048,26.47805,30.91032
2022-08-12 16:23:02,hai-testbed-01,HAI 23.05 industrial testbed,industrial_control_system,12.89758,12.99438,100,97.30682,52.84582,53.05634,57.44932,302.0986,50.77363,272.30588,235.97716,977.02789,14.08175,13.49792,351.84814,27.94542,27.81067,12,11.68976,1.1293,524320,0.31982,0,0,1,1,1,1,6.83631,0,27.48882,524320,524320,1,32.2937,37.43591,28.39069,28.04034,1,1,119.04872,0,0,0,0,12.92742,1,2880,54776,720.40607,919,1,7.3859,-3.2158,10.1723,-0.9517,11.9473,50,50,50,50,35,-8,17152,70,15482,30,24,0.00058,79.46326,7.94045,473.84985,0.00203,21490,392.95795,394.44086,20.16145,9970,27297,0.05148,1.22967,348.79922,982.02313,266.34756,26.47805,30.90536
2022-08-12 16:23:03,hai-testbed-01,HAI 23.05 industrial testbed,industrial_control_system,12.89534,12.82654,100,97.30682,52.8658,53.05634,56.68636,299.11945,50.77363,264.36136,236.54935,977.02789,14.09621,13.49792,351.43918,27.98491,27.81067,12,11.68976,1.12778,524320,0.31906,0,0,1,1,1,1,6.8814,0,27.48882,524320,524320,1,32.27843,37.46643,28.39069,28.03521,1,1,119.04872,0,0,0,0,12.92742,1,2880,54776,720.40649,920,1,7.044,-2.5341,9.7541,-0.7783,12.0354,50,50,50,50,29,-8,17104,70,15473,30,24,0.00087,79.6983,7.94045,463.19806,0.00246,21289,384.07843,391.02289,20.16145,9970,27291,0.05148,1.22566,348.79922,982.02313,272.30588,26.47805,30.89201
2022-08-12 16:23:04,hai-testbed-01,HAI 23.05 industrial testbed,industrial_control_system,12.77573,12.81891,100,97.30682,52.88578,53.05634,57.06784,295.14697,50.58285,264.36136,236.54935,978.33252,14.11663,13.49792,351.43918,28.02208,27.81067,12,11.68976,1.13159,524320,0.32059,0,0,1,1,1,1,6.9265,0,27.48882,524320,524320,1,32.27843,37.45116,28.39069,28.03521,1,1,119.04872,0,0,0,0,12.92742,1,2880,54777,720.40649,920,1,7.044,-3.178,9.7541,-0.7783,12.0354,50,50,50,50,30,-8,17040,70,15445,30,24,0.00058,79.58984,7.94045,454.33667,0.00354,21173,374.42133,388.59949,20.16145,9970,27292,0.05148,1.21765,348.79922,982.02313,264.36136,26.47805,30.86531
2022-08-12 16:23:05,hai-testbed-01,HAI 23.05 industrial testbed,industrial_control_system,12.66085,12.81891,100,97.30682,52.85097,53.05634,57.44932,297.13321,50.39215,263.36804,236.54935,978.33252,14.1201,13.49792,351.33698,28.00894,27.81067,12,11.68976,1.13235,524320,0.31677,0,0,1,1,1,1,6.97159,0,27.48882,524320,524320,1,32.2937,37.46643,28.39069,28.0326,1,1,119.04872,0,0,0,0,12.92742,1,2880,54777,720.3703,920,1,7.3266,-3.2735,10.115,-1.029,11.94486,50,50,50,50,38,-8,16960,70,15421,30,24,0.00087,79.35474,7.94045,447.41028,0.00109,20890,367.71198,384.04224,20.16145,9970,27291,0.05148,1.20918,348.79922,982.02313,264.36136,26.47805,30.83708
2022-08-12 16:23:06,hai-testbed-01,HAI 23.05 industrial testbed,industrial_control_system,12.52716,12.81891,100,97.30682,52.86573,53.05634,57.64009,299.11945,49.43849,262.37509,235.59569,978.33252,14.14037,13.49792,351.33698,27.96601,27.81067,12,11.68976,1.13388,524320,0.3183,0,0,1,1,1,1,7.01668,0,27.48882,524320,524320,1,32.27843,37.46643,28.39069,28.03429,1,1,119.04872,0,0,0,0,12.92742,1,2880,54776,720.3703,919,1,7.0949,-2.5505,9.7723,-0.7715,12.03197,50,50,50,50,29,-8,16848,70,15403,30,24,0.00058,79.10156,7.94045,436.97552,-0.0013,20777,362.05151,381.14874,20.16145,9970,27291,0.05148,1.19625,348.79922,982.02313,263.36804,26.47805,30.79397
2022-08-12 16:23:07,hai-testbed-01,HAI 23.05 industrial testbed,industrial_control_system,12.47437,12.81891,100,97.30682,52.88049,53.05634,57.44932,300.11276,50.39215,257.40973,236.74011,976.15814,14.23298,13.49792,351.43918,27.94853,27.81067,12,11.68976,1.13312,524320,0.31906,0,0,1,1,1,1,7.06178,0,27.48882,524320,524320,1,32.2937,37.46643,28.39069,28.0395,1,1,119.04872,0,0,0,0,12.92742,1,2880,54777,720.47479,918,1,6.4803,-3.107,9.6654,-1.1554,11.96534,50,50,50,50,57,-8,16720,70,15389,30,24,0.00058,78.66754,7.94045,428.90985,0.0026,20453,352.32202,376.48291,20.16145,9972,27291,0.05148,1.18698,348.79922,982.02313,262.37509,26.47805,30.76307
2022-08-12 16:23:08,hai-testbed-01,HAI 23.05 industrial testbed,industrial_control_system,12.25123,12.81891,100,97.30682,52.98658,53.05634,57.8308,299.11945,50.77363,262.37509,236.74011,978.76746,14.23298,13.49792,351.49033,27.94244,27.81067,12,11.68976,1.13388,524320,0.31982,0,0,1,1,1,1,7.10687,0,27.48882,524320,524320,1,32.27843,37.48169,28.39069,28.03602,1,1,119.04872,0,0,0,0,12.92742,1,2880,54776,720.47546,921,1,7.2836,-3.3052,10.1317,-1.021,11.94302,50,50,50,50,43,-8,16592,70,15359,30,24,0.00058,78.10693,7.94045,423.19519,0.00275,20281,346.71588,373.04688,20.16145,9970,27291,0.05148,1.18,348.79922,982.02313,257.40973,26.47805,30.7398
2022-08-12 16:23:09,hai-testbed-01,HAI 23.05 industrial testbed,industrial_control_system,12.06783,12.81891,100,97.30682,52.90045,53.05634,56.87714,301.10565,50.39215,264.36136,236.74011,978.76746,14.12234,13.49792,351.28586,27.87115,27.81067,12,11.68976,1.13388,524320,0.32211,0,0,1,1,1,1,7.15196,0,27.48882,524320,524320,1,32.27843,37.49695,28.39069,28.03602,1,1,119.04872,0,0,0,0,12.92742,1,2880,54777,720.47546,921,1,7.2836,-2.5606,10.1317,-1.021,11.94302,50,50,50,50,58,-8,16448,70,15350,30,24,0.00036,77.58246,7.94045,416.06989,-0.00014,20103,340.15118,369.50232,20.16145,9970,27284,0.05148,1.16272,348.79922,982.02313,262.37509,26.47805,30.6822
2022-08-12 16:23:10,hai-testbed-01,HAI 23.05 industrial testbed,industrial_control_system,11.94767,12.71973,100,97.30682,52.91348,53.05634,57.44932,296.14029,50.01067,262.37509,236.74011,978.76746,14.11572,13.49792,351.43918,27.8339,27.81067,12,11.68976,1.13464,524320,0.31906,0,0,1,1,1,1,7.19706,0,27.48882,524320,524320,1,32.26318,37.49695,28.39069,28.03081,1,1,119.04872,0,0,0,0,12.92742,1,2880,54777,720.44147,920,1,6.4802,-2.997,9.6477,-1.0886,11.97891,50,50,50,50,29,-8,16288,70,15339,30,24,0.00036,76.98566,7.94045,409.46906,-0.00174,19926,335.73859,365.6684,20.16145,9972,27289,0.05148,1.15288,348.79922,982.02313,264.36136,26.47805,30.64939
2022-08-12 16:23:11,hai-testbed-01,HAI 23.05 industrial testbed,industrial_control_system,11.83423,11.81946,100,97.30682,52.9265,53.05634,57.06784,299.11945,47.14962,260.38889,236.74011,978.76746,14.15085,13.49792,351.33698,27.79253,27.81067,12,11.68976,1.1293,524320,0.3183,0,0,1,1,1,1,7.24215,0,27.48882,524320,524320,1,32.27843,37.5122,28.39069,28.03949,1,1,119.04872,0,0,0,0,12.92742,1,2880,54777,720.4068,919,1,7.1931,-3.3496,10.1187,-1.0519,11.93148,50,50,50,50,33,-8,16128,70,15312,30,24,0.00036,76.20807,7.94045,402.07251,-0.00058,19692,330.22278,361.96106,20.16145,9970,27291,0.05148,1.14395,348.79922,982.02313,262.37509,26.47805,30.61964
2022-08-12 16:23:12,hai-testbed-01,HAI 23.05 industrial testbed,industrial_control_system,11.90523,11.75842,100,97.30682,52.93952,53.05634,58.21227,297.13321,48.10335,245.49232,236.16786,977.46271,14.12826,13.49792,351.18362,27.77235,27.81067,12,11.68976,1.12854,524320,0.31906,0,0,1,1,1,1,7.28724,0,27.48882,524320,524320,1,32.26318,37.52746,28.39069,28.03429,1,1,119.04872,0,0,0,0,12.92742,1,2880,54776,720.47742,917,1,7.2436,-2.6136,9.8815,-0.7234,12.01409,50,50,50,50,46,-8,15968,70,15284,30,24,0.00014,75.53894,7.94045,396.2312,-0.00022,19496,324.7251,358.07294,20.16145,9970,27292,0.05148,1.13388,348.79922,982.02313,260.38889,26.47805,30.58607
2022-08-12 16:23:13,hai-testbed-01,HAI 23.05 industrial testbed,industrial_control_system,11.67638,11.75079,100,97.30682,53.00734,53.05634,57.8308,303.09189,48.86623,250.45811,236.35864,977.89771,14.2,13.49792,350.97916,27.72157,27.81067,12,11.68976,1.13083,524320,0.32364,0,0,1,1,1,1,7.33234,0,27.48882,524320,524320,1,32.26318,37.52746,28.39069,28.03429,1,1,119.04872,0,0,0,0,12.92742,1,2880,54777,720.47742,917,1,7.2436,-2.8812,9.8815,-0.7234,12.01409,50,50,50,50,29,-8,15808,70,15259,30,24,0.00022,74.83362,7.94045,391.98138,-0.00087,19252,321.36145,353.80499,20.16145,9970,27293,0.05148,1.12301,348.79922,982.02313,245.49232,26.47805,30.54983
2022-08-12 16:23:14,hai-testbed-01,HAI 23.05 industrial testbed,industrial_control_system,11.44742,11.75079,100,97.31445,53.00732,53.05634,57.64009,301.10565,49.43849,254.43018,235.97716,977.02789,14.21488,13.49792,350.92804,27.64009,27.81067,12,11.68976,1.13007,524320,0.3244,0,0,1,1,1,1,7.37743,0,27.48882,524320,524320,1,32.26318,37.54272,28.39069,28.03686,1,1,119.04872,0,0,0,0,12.92742,1,2880,54776,720.44226,917,1,7.0676,-3.3968,10.0321,-1.1757,11.92277,50,50,50,50,40,-8,15632,70,15249,30,24,0.00014,74.00171,7.94045,384.74756,0,19010,316.85834,349.88062,20.16145,9972,27287,0.05148,1.11031,348.79922,982.02313,250.45811,26.47805,30.50749
2022-08-12 16:23:15,hai-testbed-01,HAI 23.05 industrial testbed,industrial_control_system,11.22723,11.63635,100,97.31445,53.06035,53.05634,56.87714,300.11276,49.24771,257.40973,236.54935,976.15814,14.34532,13.49792,350.97916,27.56294,27.81067,12,11.68976,1.13083,524320,0.32364,0,0,1,1,1,1,7.42253,0,27.48882,524320,524320,1,32.26318,37.52746,28.39069,28.03946,1,1,119.04872,0,0,0,0,12.92742,1,2880,54777,720.40668,919,1,7.3444,-2.7078,9.9601,-0.7508,11.9965,50,50,50,50,69,-8,15472,70,15229,30,24,-0.00014,73.24219,7.94045,381.51044,-0.00087,18884,310.83624,346.8786,20.16145,9970,27284,0.05148,1.0968,348.79922,982.02313,254.43018,26.47805,30.46247
2022-08-12 16:23:16,hai-testbed-01,HAI 23.05 industrial testbed,industrial_control_system,11.07222,11.62872,100,97.31445,53.11686,53.05634,56.11418,296.14029,48.86623,256.41641,236.16786,978.33252,14.263,13.49792,350.97916,27.49424,27.81067,12,11.68976,1.13159,524320,0.32211,0,0,1,1,1,1,7.46762,0,27.48882,524320,524320,1,32.26318,37.54272,28.39069,28.02567,1,1,119.04872,0,0,0,0,12.92742,1,2880,54776,720.37146,919,1,6.5733,-2.7658,9.6141,-0.9707,12.00701,50,50,50,50,29,-8,15296,70,15191,30,24,0.00014,72.5188,7.94045,375.66913,-0.00058,18620,308.10547,342.5564,20.16145,9970,27288,0.05148,1.08765,348.79922,982.02313,257.40973,26.47805,30.43196
2022-08-12 16:23:17,hai-testbed-01,HAI 23.05 industrial testbed,industrial_control_system,10.92898,11.62872,100,97.31445,53.049,53.05634,57.06784,292.16782,47.72187,254.43018,235.97716,977.46271,14.30439,13.49792,350.92804,27.41878,27.81067,12,11.68976,1.13312,524320,0.32211,0,0,1,1,1,1,7.51271,0,27.48882,524320,524320,1,32.24792,37.55799,28.39069,28.03345,1,1,119.04872,0,0,0,0,12.92742,1,2880,54776,720.40704,916,1,6.9365,-3.4226,10.0045,-1.2065,11.92346,50,50,50,50,38,-8,15104,70,15180,30,24,-0.00014,71.5965,7.94045,369.30341,-0.00152,18462,305.04919,339.37354,20.16145,9970,27293,0.05148,1.07815,348.79922,982.02313,256.41641,26.47805,30.4003
2022-08-12 16:23:18,hai-testbed-01,HAI 23.05 industrial testbed,industrial_control_system,10.8514,11.62872,100,97.31445,53.10029,53.05634,58.0215,297.13321,48.48476,248.47186,235.40498,977.02789,14.33983,13.49792,350.92804,27.32757,27.81067,12,11.68976,1.13235,524320,0.32135,0,0,1,1,1,1,7.55781,0,27.48882,524320,524320,1,32.26318,37.55799,28.39069,28.03345,1,1,119.04872,0,0,0,0,12.92742,1,2880,54777,720.40704,916,1,6.9365,-2.8463,10.0045,-1.2065,11.92346,50,50,50,50,38,-8,14944,70,15180,30,24,-0.00014,70.80078,7.94045,365.92157,-0.00152,18203,305.04919,339.37354,20.16145,9970,27285,0.05148,1.06739,348.79922,982.02313,254.43018,26.47805,30.36444
2022-08-12 16:23:19,hai-testbed-01,HAI 23.05 industrial testbed,industrial_control_system,10.59644,10.90393,100,97.31445,53.1368,53.05634,57.44932,302.0986,47.5311,252.44395,235.97716,975.72339,14.40427,13.49792,350.82581,27.23442,27.81067,12,11.68976,1.13388,524320,0.32059,0,0,1,1,1,1,7.6029,0,27.48882,524320,524320,1,32.23266,37.57323,28.39069,28.03862,1,1,119.04872,0,0,0,0,12.92742,1,2880,54777,720.47693,918,1,6.7353,-2.6278,9.6283,-0.9607,12.02581,50,50,50,50,44,-8,14944,70,15160,30,24,-0.00014,70.80078,7.94045,365.92157,-0.00043,18203,301.72162,335.10559,20.16145,9970,27285,0.05148,1.05515,348.79922,982.02313,248.47186,26.47805,30.32362
2022-08-12 16:23:20,hai-testbed-01,HAI 23.05 industrial testbed,industrial_control_system,10.50828,10.57586,100,97.31445,53.21157,53.05634,57.64009,299.11945,47.14962,247.47858,235.97716,977.02789,14.38428,13.49792,350.92804,27.14575,27.81067,12,11.68976,1.13159,524320,0.3183,0,0,1,1,1,1,7.64799,0,27.48882,524320,524320,1,32.24792,37.57323,28.39069,28.03345,1,1,119.04872,0,0,0,0,12.92742,1,2880,54777,720.44128,919,1,6.7632,-3.3776,9.9361,-1.2125,11.92322,50,50,50,50,47,-8,14768,70,15141,30,24,-0.00014,70.09546,7.94045,363.40784,-0.00087,18073,298.57495,332.1759,20.16145,9970,27288,0.05148,1.04713,348.79922,982.02313,252.44395,26.47805,30.29692
2022-08-12 16:23:21,hai-testbed-01,HAI 23.05 industrial testbed,industrial_control_system,10.34101,10.56061,100,97.31445,53.18198,53.05634,58.78445,300.11276,46.95892,245.49232,236.35864,977.02789,14.37932,13.49792,350.82581,27.0501,27.81067,12,11.68976,1.1293,524320,0.32211,0,0,1,1,1,1,7.69309,0,27.48882,524320,524320,1,32.26318,37.5885,28.39069,28.03429,1,1,119.04872,0,0,0,0,12.92742,1,2880,54776,720.40723,920,1,7.4458,-3.0479,10.099,-0.9342,11.96654,50,50,50,50,75,-8,14608,70,15111,30,24,-0.00014,69.17316,7.94045,358.05481,0.00065,17832,295.22931,328.25159,20.16145,9970,27287,0.05148,1.03489,348.79922,982.02313,247.47858,26.47805,30.2561
2022-08-12 16:23:22,hai-testbed-01,HAI 23.05 industrial testbed,industrial_control_system,10.16318,10.56061,100,97.31445,53.20196,53.05634,57.06784,306.07104,47.91257,244.4994,236.54935,977.89771,14.37198,13.49792,350.62134,26.97892,27.81067,12,11.68976,1.1293,524320,0.32364,0,0,1,1,1,1,7.73818,0,27.48882,524320,524320,1,32.24792,37.5885,28.39069,28.03429,1,1,119.04872,0,0,0,0,12.92742,1,2880,54776,720.40723,920,1,7.4458,-3.0479,10.099,-0.9342,11.96654,50,50,50,50,61,-8,14384,70,15094,30,24,0.0162,68.68488,7.94045,355.17938,-0.00152,17728,295.22931,325.77399,20.16145,9972,27284,0.05148,1.02825,348.79922,982.02313,245.49232,26.47805,30.23397
2022-08-12 16:23:23,hai-testbed-01,HAI 23.05 industrial testbed,industrial_control_system,9.93455,10.56061,100,97.31445,53.18541,53.05634,56.49566,297.13321,47.14962,249.4648,235.40498,978.33252,14.39635,13.49792,350.46796,26.87552,27.81067,12,11.68976,1.13159,524320,0.32135,0,0,1,1,1,1,7.78327,0,27.48882,524320,524320,1,32.26318,37.60376,28.39069,28.0421,1,1,119.04872,0,0,0,0,12.92742,1,2880,54775,720.4425,917,1,6.538,-3.2685,9.7074,-1.2675,11.94121,50,50,50,50,39,-8,12528,70,15068,30,24,0.00962,72.30182,7.94045,352.99115,-0.00268,17837,302.37268,326.9314,20.16145,9970,27284,0.05148,1.01818,348.79922,982.02313,244.4994,26.47805,30.20041
2022-08-12 16:23:24,hai-testbed-01,HAI 23.05 industrial testbed,industrial_control_system,9.91922,10.56061,100,97.31445,53.18365,53.05634,57.25861,294.15405,47.72187,245.49232,235.97716,975.72339,14.53574,13.49792,350.46796,26.82777,27.81067,12,11.68976,1.13388,524320,0.32135,0,0,1,1,1,1,7.82837,0,27.48882,524320,524320,1,32.24792,37.60376,28.39069,28.02993,1,1,119.04872,0,0,0,0,12.92742,1,2880,54776,720.37189,920,1,7.3188,-3.2381,10.1417,-0.9371,11.94445,50,50,50,50,53,-8,11680,70,15054,30,24,-0.00246,59.06396,7.94045,348.27112,-0.00268,17856,308.01508,327.03998,20.16145,9970,27293,0.05148,1.02196,348.79922,982.02313,249.4648,26.47805,30.21299
2022-08-12 16:23:25,hai-testbed-01,HAI 23.05 industrial testbed,industrial_control_system,9.79501,10.56061,100,97.30682,53.30799,53.05634,57.25861,298.1265,48.10335,248.47186,235.97716,977.02789,14.50143,13.49792,350.51907,26.76515,27.81067,12,11.68976,1.13388,524320,0.3183,0,0,1,1,1,1,7.87346,0,27.48882,524320,524320,1,32.23266,37.61901,28.39069,28.03084,1,1,119.04872,0,0,0,0,12.92742,1,2880,54776,720.44189,917,1,7.1393,-3.2381,9.7978,-0.7424,12.02818,50,50,50,50,50,-8,10816,70,15024,30,24,0.00745,56.87573,7.94045,344.20209,0.00029,17799,311.77661,327.03998,20.16145,9970,27288,0.05148,1.02276,348.79922,982.02313,245.49232,26.47805,30.21566
2022-08-12 16:23:26,hai-testbed-01,HAI 23.05 industrial testbed,industrial_control_system,9.6856,10.56061,100,97.31445,53.2784,53.05634,59.16594,298.1265,48.67553,250.45811,236.16786,977.02789,14.5068,13.73444,350.72357,26.70838,27.81067,12,11.68976,1.12701,524320,0.32059,0,0,1,1,1,1,7.91855,0,27.48882,524320,524320,1,32.26318,37.63427,28.39069,28.03,1,1,119.04872,0,0,0,0,12.92742,1,2880,54777,720.2312,917,1,6.4787,-2.9462,9.5954,-1.1071,11.98812,50,50,50,50,58,288,9808,70,14982,30,24,-0.00195,51.77588,7.94045,343.40637,-0.00231,17856,315.50208,327.03998,20.16145,9970,27285,0.05148,1.02253,348.79922,982.02313,248.47186,26.47805,30.2149
2022-08-12 16:23:27,hai-testbed-01,HAI 23.05 industrial testbed,industrial_control_system,9.55983,9.82056,100,97.31445,53.29839,53.05634,60.31037,308.05728,48.10335,253.43724,236.35864,977.46271,14.46896,14.57367,350.82581,26.70017,27.81067,12,11.68976,1.11099,524320,0.32211,0,0,1,1,1,1,7.96365,0,27.48882,524320,524320,1,32.24792,37.63427,28.39069,28.03,1,1,119.04872,0,0,0,0,12.92742,1,2880,54777,720.2312,917,1,6.4787,-3.4152,9.5954,-1.1071,11.98812,50,50,50,50,65,968,9104,70,14842,30,24,0.00159,46.53137,7.94045,340.44049,-0.00231,17857,317.87109,327.02185,20.16145,9973,27285,0.05148,1.0247,348.79922,982.02313,250.45811,26.47805,30.20765
2022-08-12 16:23:28,hai-testbed-01,HAI 23.05 industrial testbed,industrial_control_system,9.52752,9.27887,100,97.31445,53.30011,53.05634,60.69185,314.01599,49.05701,250.45811,235.78639,977.89771,14.44514,14.56604,350.82581,26.7103,27.81067,12,11.68976,1.10413,524320,0.32135,0,0,1,1,1,1,8.00874,0,27.48882,524320,524320,1,32.24792,37.63427,28.39069,28.04294,1,1,119.04872,0,0,0,0,12.92742,1,2880,54776,720.41327,918,1,7.3728,-2.7818,9.9504,-0.838,11.98978,50,50,50,50,56,1616,8304,70,14770,30,24,-0.00116,42.80597,7.94045,335.72046,-0.00203,17850,316.96692,327.03998,20.16145,9970,27281,0.05148,1.02036,348.79922,982.02313,253.43724,26.47805,30.22215
2022-08-12 16:23:29,hai-testbed-01,HAI 23.05 industrial testbed,industrial_control_system,9.37029,9.25598,100,97.31445,53.30008,53.05634,60.50107,316.00223,47.91257,255.42349,235.97716,976.59296,14.50676,14.56604,350.77469,26.72386,27.81067,12,11.68976,1.1026,524320,0.31754,0,0,1,1,1,1,8.05383,0,27.48882,524320,524320,1,32.23266,37.64954,28.39069,28.03689,1,1,119.04872,0,0,0,0,12.92742,1,2880,54775,720.44141,918,1,6.644,-2.7095,9.5974,-1.0234,12.01866,50,50,50,50,86,2232,7648,70,14733,30,24,-0.00072,39.27954,7.94045,333.02588,0.00029,17785,318.75726,326.841,20.16145,9970,27285,0.05148,1.0247,348.79922,982.02313,250.45811,26.47805,30.2088
2022-08-12 16:23:30,hai-testbed-01,HAI 23.05 industrial testbed,industrial_control_system,9.38457,9.27887,100,97.31445,53.37138,53.05634,59.73812,315.00891,48.86623,249.4648,235.97716,977.02789,14.51097,14.56604,350.67242,26.67113,27.81067,12,11.68976,1.10184,524320,0.31754,0,0,1,1,1,1,8.09893,0,27.48882,524320,524320,1,32.24792,37.64954,28.39069,28.03689,1,1,119.04872,0,0,0,0,12.92742,1,2880,54777,720.40601,918,1,6.8009,-3.3998,9.9803,-1.207,11.92287,50,50,50,50,192,2816,6992,70,14744,30,24,-0.00145,35.39136,7.94045,329.21002,0.00022,17813,320.02313,326.31653,20.16145,9970,27284,0.05148,1.0207,348.79922,982.02313,255.42348,26.47805,30.20689
2022-08-12 16:23:31,hai-testbed-01,HAI 23.05 industrial testbed,industrial_control_system,9.22765,9.27124,100,97.31445,53.37483,53.08685,59.92889,311.03644,48.67553,254.43018,235.40498,977.02789,14.5399,14.56604,350.62134,26.63118,27.81067,12,11.68976,1.10031,524320,0.3183,0,0,1,1,1,1,8.14402,0,27.48882,524320,524320,1,32.23266,37.66479,28.39069,28.03777,1,1,119.04872,0,0,0,0,12.92742,1,2880,54776,720.47607,918,1,7.4561,-3.0354,10.0774,-0.9469,11.9682,50,50,50,50,552,3368,6432,70,14944,30,24,-0.00166,32.57019,7.94045,330.67487,-0.00369,17827,321.97626,326.02722,20.16145,9970,27287,0.05148,1.02013,348.79922,982.02313,249.4648,26.47805,30.1985
2022-08-12 16:23:32,hai-testbed-01,HAI 23.05 industrial testbed,industrial_control_system,9.16356,9.25598,100,97.31445,53.39481,54.20074,59.54741,312.02975,49.05701,253.43724,241.12701,975.72339,14.61411,14.56604,350.41687,26.58512,27.81067,12,11.68976,1.10031,524320,0.3183,0,0,1,1,1,1,8.18912,0,27.48882,524320,524320,1,32.23266,37.68005,28.39069,28.03777,1,1,119.04872,0,0,0,0,12.92742,1,2880,54777,720.47607,918,1,7.4561,-2.5602,10.0774,-0.9469,11.9682,50,50,50,50,954,3880,5888,70,14809,30,24,-0.00174,29.966,7.94045,326.37079,-0.0013,17748,319.60718,325.21338,20.16145,9970,27284,0.05148,1.01761,348.79922,982.02313,254.43018,26.47805,30.20765
2022-08-12 16:23:33,hai-testbed-01,HAI 23.05 industrial testbed,industrial_control_system,9.05259,9.25598,100,97.31445,53.46959,54.35333,59.92889,310.04352,48.48476,255.42349,242.84363,988.76959,14.13423,14.56604,350.41687,26.55819,27.81067,12,11.68976,1.10184,524320,0.31754,0,0,1,1,1,1,8.23421,0,27.48882,524320,524320,1,32.23266,37.68005,28.39069,28.03514,1,1,119.04872,0,0,0,0,12.92742,1,2880,54777,720.51178,919,1,6.5924,-3.3062,9.7955,-1.2544,11.93216,50,50,50,50,1318,4384,5392,70,15070,30,24,-0.00174,27.03632,7.94045,323.07941,-0.00145,17719,318.81146,324.76129,20.16145,9970,27287,0.05148,1.02036,348.79922,982.02313,253.43724,26.47805,30.20765
2022-08-12 16:23:34,hai-testbed-01,HAI 23.05 industrial testbed,industrial_control_system,9.05259,9.25598,100,97.31445,52.94685,54.35333,59.16594,312.02975,49.43849,252.44395,243.60651,992.68347,13.94327,14.56604,350.46796,26.55819,27.81067,12,11.68976,1.10184,524320,0.31906,0,0,1,1,1,1,8.23421,0,27.48882,524320,524320,1,32.23266,37.69531,28.39069,28.03774,1,1,119.04872,0,0,0,0,12.92742,1,2880,54777,720.37988,919,1,7.4291,-3.1446,10.166,-0.9723,11.94945,50,50,50,50,1643,4856,4960,70,15156,30,24,-0.00203,24.88428,7.94045,323.89325,-0.00109,17681,318.99231,323.96558,20.16145,9970,27284,0.05148,1.02036,348.79922,982.02313,255.42348,26.47805,30.19278
2022-08-12 16:23:35,hai-testbed-01,HAI 23.05 industrial testbed,industrial_control_system,9.01967,9.25598,100,97.31445,52.94685,54.35333,59.16594,308.05728,49.43849,252.44395,243.60651,992.68347,13.94327,14.56604,350.46796,26.48677,27.81067,12,11.68976,1.10107,524320,0.31906,0,0,1,1,1,1,8.2793,0,27.48882,524320,524320,1,32.23266,37.69531,28.39069,28.02821,1,1,119.04872,0,0,0,0,12.92742,1,2880,54776,720.47681,917,1,6.9911,-2.5333,9.7547,-0.837,12.03676,50,50,50,50,1948,5312,4544,70,15264,30,24,-0.00203,22.91302,7.94045,320.638,0.00137,17626,314.74249,323.24219,20.16145,9970,27287,0.05148,1.01589,348.79922,982.02313,255.42348,26.47805,30.18629
2022-08-12 16:23:36,hai-testbed-01,HAI 23.05 industrial testbed,industrial_control_system,8.85973,9.25598,100,97.31445,52.63978,54.23889,59.35671,308.05728,48.29405,252.44395,243.22511,993.98804,13.7813,14.56604,350.16125,26.43759,27.56653,12,11.68976,1.10107,524320,0.3183,0,0,1,1,1,1,8.36949,0,27.48882,524320,524320,1,32.21741,37.69531,28.39069,28.02821,1,1,119.04872,0,0,0,0,12.92742,1,2880,54777,720.47681,917,1,6.9911,-3.2097,9.7547,-0.837,12.03676,50,50,50,50,2176,5736,4144,70,15275,30,24,-0.00203,20.68866,7.94045,319.91461,-0.00137,17589,315.93604,322.55499,20.16145,9970,27285,0.05148,1.01223,348.79922,982.02313,257.40973,26.47805,30.18057
2022-08-12 16:23:37,hai-testbed-01,HAI 23.05 industrial testbed,industrial_control_system,8.85973,9.26361,100,97.31445,52.60844,53.33862,59.54741,309.0506,47.91257,251.45102,241.31772,993.55328,13.7974,14.56604,350.36575,26.38501,26.82648,12,11.68976,1.09421,524320,0.31754,0,0,1,1,1,1,8.41458,0,27.48882,524320,524320,1,32.21741,37.72582,28.39069,28.03689,1,1,119.04872,0,0,0,0,12.92742,1,2880,54777,720.26569,920,1,7.4191,-3.2481,10.2138,-1.0018,11.94818,50,50,50,50,2429,6136,3792,70,15367,30,24,-0.00174,19.04297,7.94045,315.77332,0.00297,17508,312.86169,321.81354,20.16145,9970,27285,0.05148,1.00811,348.79922,982.02313,252.44395,26.47805,30.16684
2022-08-12 16:23:38,hai-testbed-01,HAI 23.05 industrial testbed,industrial_control_system,8.79626,9.25598,100,97.31445,52.57885,53.28522,59.35671,310.04352,48.48476,249.4648,240.93623,989.20441,13.89226,14.56604,350.36575,26.35501,26.75019,12,11.68976,1.08887,524320,0.31601,0,0,1,1,1,1,8.45968,0,27.48882,524320,524320,1,32.23266,37.72582,28.39069,28.03081,1,1,119.04872,0,0,0,0,12.92742,1,2880,54775,720.51141,919,1,7.1228,-2.5345,9.8361,-0.777,12.03599,50,50,50,50,2673,6520,3472,70,15373,30,24,-0.00174,17.56006,7.94045,315.86371,-0.00014,17470,311.50537,320.40289,20.16145,9970,27288,0.05148,1.00697,348.79922,982.02313,251.45102,26.47805,30.16302
2022-08-12 16:23:39,hai-testbed-01,HAI 23.05 industrial testbed,industrial_control_system,8.74885,9.25598,100,97.31445,52.71538,53.29284,58.78445,309.0506,48.10335,252.44395,240.36406,988.33459,13.89477,13.83362,350.2124,26.33399,26.8341,12,11.68976,1.0881,524320,0.31906,0,0,1,1,1,1,8.50477,0,27.48882,524320,524320,1,32.21741,37.74109,28.39069,28.02993,1,1,119.04872,0,0,0,0,12.92742,1,2880,54777,720.27484,920,1,6.5326,-3.1343,9.7496,-1.1674,11.96169,50,50,50,50,2909,6888,3168,70,15359,30,25,-0.00174,15.84204,7.94045,314.47119,7e-05,17422,311.37878,319.95081,20.16145,9970,27281,0.05148,1.00491,348.79922,982.02313,249.4648,26.47805,30.15615
2022-08-12 16:23:40,hai-testbed-01,HAI 23.05 industrial testbed,industrial_control_system,8.57567,9.25598,100,97.31445,52.72319,53.29284,57.64009,306.07104,48.86623,250.45811,240.36406,987.03003,13.89477,13.83362,349.80344,26.28623,26.84937,12,11.68976,1.09344,524320,0.31754,0,0,1,1,1,1,8.54986,0,27.48882,524320,524320,1,32.20215,37.74109,28.39069,28.03689,1,1,119.04872,0,0,0,0,12.92742,1,2880,54776,720.34399,920,1,7.3812,-3.2862,10.2113,-1.0353,11.94583,50,50,50,50,3110,7240,2912,70,15334,30,25,-0.00152,14.61224,7.94045,313.25952,-0.0008,17373,311.61383,318.88385,20.16145,9970,27284,0.05148,1.00021,348.79922,982.02313,252.44395,26.47805,30.14051
2022-08-12 16:23:41,hai-testbed-01,HAI 23.05 industrial testbed,industrial_control_system,8.43417,8.53119,100,97.31445,52.75273,53.29284,57.25861,300.11276,48.10335,254.43018,240.36406,987.03003,13.94358,13.62762,349.65012,26.19196,26.74255,12,11.68976,1.1026,524320,0.32135,0,0,1,1,1,1,8.59496,0,27.48882,524320,524320,1,32.21741,37.74109,28.39069,28.03689,1,1,119.04872,0,0,0,0,12.92742,1,2880,54777,720.34399,920,1,7.3812,-2.5424,10.2113,-1.0353,11.94583,50,50,50,50,3275,7568,2672,70,15319,30,25,-0.00152,13.47296,7.94045,309.53412,7e-05,17294,310.25751,317.63599,20.16145,9970,27278,0.05148,0.99918,348.79922,982.02313,250.45811,26.47805,30.13708
2022-08-12 16:23:42,hai-testbed-01,HAI 23.05 industrial testbed,industrial_control_system,8.41728,8.30231,100,97.32208,52.7327,53.29284,56.49566,298.1265,45.62378,250.45811,240.17336,986.59528,13.98715,13.61999,349.80344,26.09187,26.84937,12,11.68976,1.10794,524320,0.3183,0,0,1,1,1,1,8.64005,0,27.48882,524320,524320,1,32.21741,37.75635,28.39069,28.03693,1,1,119.04872,0,0,0,0,12.92742,1,2880,54777,720.61688,919,1,6.5306,-3.1607,9.7406,-1.1953,11.961,50,50,50,50,3400,7880,2432,70,15158,30,25,-0.00152,12.17084,7.94045,308.50336,0.00123,17311,309.87775,317.4552,20.16145,9970,27287,0.05148,0.99724,348.79922,982.02313,254.43018,26.47805,30.1306
2022-08-12 16:23:43,hai-testbed-01,HAI 23.05 industrial testbed,industrial_control_system,8.54324,8.23364,100,97.32208,52.73094,53.29284,56.87714,294.15405,46.19596,237.54778,240.36406,987.03003,14.00862,13.61999,349.70123,26.00191,26.86462,12,11.68976,1.11023,524320,0.31906,0,0,1,1,1,1,8.68514,0,27.48882,524320,524320,1,32.21741,37.77161,28.39069,28.03521,1,1,119.04872,0,0,0,0,12.92742,1,2880,54777,720.41449,920,1,7.4288,-3.2438,10.2313,-1.002,11.94808,50,50,50,50,3565,8176,2208,70,15102,30,81,-0.00152,11.2124,7.94045,308.15973,-0.00065,17273,307.20129,316.5871,20.16145,9970,27284,0.05148,0.99289,348.79922,982.02313,250.45811,26.47805,30.1161
2022-08-12 16:23:44,hai-testbed-01,HAI 23.05 industrial testbed,industrial_control_system,8.42152,8.18787,100,97.32208,52.69439,53.29284,56.49566,296.14029,45.2423,240.52695,240.17336,986.59528,13.94676,13.61237,349.59897,25.91171,26.86462,12,11.68976,1.11176,524320,0.31677,0,0,1,1,1,1,8.73024,0,27.48882,524320,524320,1,32.20215,37.77161,28.39069,28.03257,1,1,119.04872,0,0,0,0,12.92742,1,2880,54777,720.58282,921,1,7.044,-2.5542,9.7903,-0.816,12.0365,50,50,50,50,3797,8456,2016,70,15025,30,174,-0.0013,10.3624,7.94045,308.43097,0.00094,17199,306.74908,315.57434,20.16145,9970,27279,0.05148,0.99197,348.79922,982.02313,237.54778,26.47805,30.11305
2022-08-12 16:23:45,hai-testbed-01,HAI 23.05 industrial testbed,industrial_control_system,8.42473,8.18787,100,97.32208,52.69262,53.29284,56.87714,294.15405,46.19596,235.56155,240.55476,987.46484,13.92198,13.61999,349.49677,25.84023,26.86462,12,11.68976,1.11176,524320,0.31982,0,0,1,1,1,1,8.77533,0,27.48882,524320,524320,1,32.20215,37.78686,28.39069,28.03257,1,1,119.04872,0,0,0,0,12.92742,1,2880,54777,720.58282,921,1,7.044,-3.2468,9.7903,-0.816,12.0365,50,50,50,50,3917,8728,1840,70,15008,30,222,-0.0013,9.38583,7.94045,306.13428,0.0013,17141,305.39282,314.48932,20.16145,9970,27278,0.05148,0.98854,348.79922,982.02313,240.52695,26.47805,30.1016
2022-08-12 16:23:46,hai-testbed-01,HAI 23.05 industrial testbed,industrial_control_system,8.27217,8.18787,100,97.32208,52.63781,53.29284,57.8308,296.14029,47.34039,240.52695,240.17336,987.46484,13.91674,13.61237,349.44565,25.76231,26.86462,12,11.68976,1.11176,524320,0.32135,0,0,1,1,1,1,8.82043,0,27.48882,524320,524320,1,32.18689,37.77161,28.39069,28.03689,1,1,119.04872,0,0,0,0,12.92742,1,2880,54777,720.58252,922,1,7.4562,-3.1662,10.1863,-0.972,11.95509,50,50,50,50,3917,8984,1840,70,15008,30,286,-0.0013,8.64441,7.94045,307.14697,0.0013,17119,305.62787,314.48932,20.16145,9970,27285,0.05148,0.98785,348.79922,982.02313,235.56155,26.47805,30.09932
2022-08-12 16:23:47,hai-testbed-01,HAI 23.05 industrial testbed,industrial_control_system,8.10232,8.18787,100,97.31445,52.61605,53.29284,57.06784,301.10565,46.38673,246.48564,240.36406,986.59528,13.93908,13.61999,349.49677,25.6971,26.86462,12,11.68976,1.11252,524320,0.32211,0,0,1,1,1,1,8.86552,0,27.48882,524320,524320,1,32.18689,37.80212,28.39069,28.03257,1,1,119.04872,0,0,0,0,12.92742,1,2880,54777,720.54724,922,1,6.9046,-2.5558,9.7306,-0.8489,12.03569,50,50,50,50,4036,8984,1664,70,15003,30,286,-0.0013,8.64441,7.94045,307.14697,-0.00094,17119,305.62787,313.89246,20.16145,9970,27285,0.05148,0.98339,348.79922,982.02313,240.52695,26.47805,30.08444
2022-08-12 16:23:48,hai-testbed-01,HAI 23.05 industrial testbed,industrial_control_system,8.10366,8.18787,100,97.32208,52.6308,53.29284,56.68636,297.13321,46.38673,241.52025,240.55476,987.03003,13.89512,13.61999,349.34341,25.60771,26.86462,12,11.68976,1.11328,524320,0.31906,0,0,1,1,1,1,8.91061,0,27.48882,524320,524320,1,32.20215,37.83263,28.39069,28.03081,1,1,119.04872,0,0,0,0,12.92742,1,2880,54778,720.47687,921,1,6.7425,-3.3663,9.9382,-1.24,11.92551,50,50,50,50,4073,9224,1536,70,15008,30,347,-0.00109,7.97528,7.94045,304.85028,-0.00014,17071,302.53546,312.87982,20.16145,9970,27278,0.05148,0.9803,348.79922,982.02313,246.48564,26.47805,30.07414
2022-08-12 16:23:49,hai-testbed-01,HAI 23.05 industrial testbed,industrial_control_system,8.02789,8.19549,100,97.31445,52.59425,53.29284,57.06784,295.14697,46.19596,241.52025,240.17336,987.46484,13.88281,13.61999,349.2923,25.4324,26.86462,12,11.68976,1.11328,524320,0.32059,0,0,1,1,1,1,8.95571,0,27.48882,524320,524320,1,32.20215,37.81738,28.39069,28.03943,1,1,119.04872,0,0,0,0,12.92742,1,2880,54776,720.65198,921,1,7.4753,-2.9346,10.1338,-0.8495,11.98433,50,50,50,50,4214,9456,1376,70,15018,30,421,-0.00109,7.21573,7.94045,302.53546,0.00116,17023,302.71631,312.08411,20.16145,9970,27283,0.05148,0.97572,348.79922,982.02313,241.52025,26.47805,30.05888
2022-08-12 16:23:50,hai-testbed-01,HAI 23.05 industrial testbed,industrial_control_system,7.96787,8.18787,100,97.31445,52.55597,53.29284,57.8308,297.13321,47.72187,240.52695,240.74553,986.59528,13.90598,13.61999,349.13895,25.3546,26.85699,12,11.68976,1.11252,524320,0.3183,0,0,1,1,1,1,9.0008,0,27.48882,524320,524320,1,32.18689,37.8479,28.39069,28.03943,1,1,119.04872,0,0,0,0,12.92742,1,2880,54777,720.65198,921,1,7.4753,-2.6816,10.1338,-0.8495,11.98433,50,50,50,50,4351,9672,1264,70,15033,30,505,-0.00109,6.63702,7.94045,301.97485,0.00029,16967,301.5589,310.99896,20.16145,9970,27292,0.05148,0.97401,348.79922,982.02313,241.52025,26.47805,30.05316
2022-08-12 16:23:51,hai-testbed-01,HAI 23.05 industrial testbed,industrial_control_system,7.76655,8.18787,100,97.31445,52.57072,53.29284,57.06784,301.10565,46.95892,248.47186,240.36406,987.89978,13.86103,13.61999,349.08783,25.27936,26.85699,12,11.68976,1.11328,524320,0.32059,0,0,1,1,1,1,9.04589,0,27.48882,524320,524320,1,32.20215,37.83263,28.39069,28.03517,1,1,119.04872,0,0,0,0,12.92742,1,2880,54777,720.54675,923,1,7.0548,-3.4176,10.1125,-1.1618,11.9276,50,50,50,50,4427,9880,1136,70,15068,30,562,-0.00109,6.02216,7.94045,301.92059,0.00029,16926,302.35455,310.2937,20.16145,9970,27281,0.05148,0.97218,348.79922,982.02313,240.52695,26.47805,30.04705
2022-08-12 16:23:52,hai-testbed-01,HAI 23.05 industrial testbed,industrial_control_system,7.75154,8.18787,100,97.31445,52.49764,53.29284,56.30488,297.13321,46.38673,244.4994,239.98257,987.03003,13.88362,13.61999,349.08783,25.19617,25.86517,12,11.68976,1.09879,524320,0.32059,0,0,1,1,1,1,9.09099,0,27.48882,524320,524320,1,32.18689,37.8479,28.39069,28.03253,1,1,119.04872,0,0,0,0,12.92742,1,2880,54777,720.61768,923,1,7.3444,-2.6676,9.9795,-0.7716,12.01005,50,50,50,50,4552,10080,1040,70,15083,30,614,-0.0008,5.55194,7.94045,299.71429,0.00029,16805,300.02173,308.50336,20.16145,9970,27281,0.05148,0.97046,348.79922,982.02313,248.47186,26.47805,30.04133
2022-08-12 16:23:53,hai-testbed-01,HAI 23.05 industrial testbed,industrial_control_system,7.72203,8.18787,100,97.32208,52.51067,53.29284,55.92348,293.16074,46.00526,241.52025,239.98257,986.16028,13.90146,13.61999,349.08783,25.19906,25.68207,12,11.68976,1.082,524320,0.31906,0,0,1,1,1,1,9.13608,0,27.48882,524320,524320,1,32.18689,37.8479,28.39069,28.03429,1,1,119.04872,0,0,0,0,12.92742,1,2880,54777,720.65277,923,1,6.5339,-3.0057,9.7251,-1.1065,11.97814,50,50,50,50,4572,10352,944,70,15111,30,661,-0.0008,5.09982,7.94045,298.19519,-0.0008,16816,297.11011,307.88843,20.16145,9970,27283,0.05148,0.97012,348.79922,982.02313,244.4994,26.47805,30.04019
2022-08-12 16:23:54,hai-testbed-01,HAI 23.05 industrial testbed,industrial_control_system,7.67773,8.18787,100,97.32208,52.52717,53.29284,55.92348,291.1749,47.14962,239.53403,239.98257,986.16028,13.88723,13.61999,349.03668,25.1898,25.67444,12,11.68976,1.07666,524320,0.32135,0,0,1,1,1,1,9.18117,0,27.48882,524320,524320,1,32.17162,37.87842,28.39069,28.03429,1,1,119.04872,0,0,0,0,12.92742,1,2880,54778,720.65277,923,1,6.5339,-3.2693,9.7251,-1.1065,11.97814,50,50,50,50,4688,10528,848,70,15126,30,744,-0.0008,4.61154,7.94045,296.51331,-0.0013,16686,296.09735,306.09808,20.16145,9970,27279,0.05148,0.96382,348.79922,982.02313,241.52025,26.47805,30.01921
2022-08-12 16:23:55,hai-testbed-01,HAI 23.05 industrial testbed,industrial_control_system,7.5082,8.18787,100,97.32208,52.51062,53.29284,55.16052,291.1749,47.14962,245.49232,240.36406,986.16028,13.88142,13.61237,348.73001,25.14733,25.67444,12,11.68976,1.0759,524320,0.3183,0,0,1,1,1,1,9.22627,0,27.48882,524320,524320,1,32.17162,37.87842,28.39069,28.03169,1,1,119.04872,0,0,0,0,12.92742,1,2880,54778,720.51227,923,1,6.9927,-2.5489,9.7778,-0.8274,12.03881,50,50,50,50,4789,10696,768,70,15160,30,811,-0.0008,4.30411,7.94045,295.33777,-0.00137,16678,295.46442,305.5556,20.16145,9970,27283,0.05148,0.96165,348.79922,982.02313,239.53403,26.47805,30.01196
2022-08-12 16:23:56,hai-testbed-01,HAI 23.05 industrial testbed,industrial_control_system,7.43119,7.63855,100,97.32208,52.49407,53.29284,55.16052,287.20242,39.32949,245.49232,240.36406,987.03003,13.88245,13.61999,348.37219,25.05898,25.67444,12,11.68976,1.07513,524320,0.32974,0,0,1,1,1,1,9.27136,0,27.48882,524320,524320,1,32.17162,37.87842,28.39069,28.04301,1,1,119.04872,0,0,0,0,12.92742,1,2880,54777,720.65216,922,1,6.6957,-3.3768,9.8994,-1.245,11.92706,50,50,50,50,4813,10848,704,70,15165,30,887,-0.0008,3.94244,7.94045,293.4751,-0.00043,16614,291.93793,304.52472,20.16145,9968,27276,0.05148,0.95501,348.79922,982.02313,245.49232,26.47805,29.98983
2022-08-12 16:23:57,hai-testbed-01,HAI 23.05 industrial testbed,industrial_control_system,7.99921,7.24945,100,97.32208,52.44099,53.29284,54.58834,287.20242,28.45761,204.77554,240.36406,987.03003,13.9256,13.61237,348.42331,24.99654,25.67444,12,11.68976,1.07666,524320,0.33279,0,0,1,1,1,1,9.31645,0,27.48882,524320,524320,1,32.18689,37.87842,28.39069,28.02993,1,1,119.04872,0,0,0,0,12.92742,1,2880,54776,720.47687,921,1,7.4648,-3.3768,10.1375,-0.8959,11.97506,50,50,50,50,4895,11000,656,70,15176,30,909,-0.00065,3.63498,7.94045,292.22729,0.00014,16495,291.9198,303.1684,20.16145,9970,27284,0.05148,0.95387,348.79922,982.02313,245.49232,26.47805,29.98602
2022-08-12 16:23:58,hai-testbed-01,HAI 23.05 industrial testbed,industrial_control_system,8.83172,7.24182,100,97.32208,52.42097,53.29284,55.16052,284.22327,27.69465,148.16928,239.6011,985.29053,13.97433,13.61237,348.06549,24.88343,25.67444,12,11.68976,1.07819,524320,0.33356,0,0,1,1,1,1,9.36155,0,27.48882,524320,524320,1,32.17162,37.89367,28.39069,28.03429,1,1,119.04872,0,0,0,0,12.92742,1,2880,54776,720.39197,921,1,6.7847,-2.6066,9.7065,-0.9034,12.02886,50,50,50,50,4974,11136,592,70,15189,30,981,-0.00058,3.34561,7.94045,288.62848,-0.0013,16429,288.21252,301.35992,20.16145,9970,27281,0.05148,0.9454,348.79922,982.02313,204.77554,26.47805,29.95779
2022-08-12 16:23:59,hai-testbed-01,HAI 23.05 industrial testbed,industrial_control_system,8.84817,7.24182,100,97.32208,52.474,53.29284,54.77904,287.20242,27.31325,144.19682,239.79187,985.72546,14.00817,13.61999,348.11658,24.817,25.67444,12,11.68976,1.07819,524320,0.3389,0,0,1,1,1,1,9.40664,0,27.48882,524320,524320,1,32.17162,37.90893,28.39069,28.03429,1,1,119.04872,0,0,0,0,12.92742,1,2880,54777,720.39197,921,1,6.7847,-3.4009,9.7065,-0.9034,12.02886,50,50,50,50,5019,11272,528,70,15200,30,1050,-0.00058,3.03818,7.94045,288.55615,0.00145,16388,288.68268,300.49188,20.16145,9970,27278,0.05148,0.94677,348.79922,982.02313,148.16928,26.47805,29.96237
2022-08-12 16:24:00,hai-testbed-01,HAI 23.05 industrial testbed,industrial_control_system,8.83439,7.27234,100,97.32208,52.44267,53.29284,55.16052,285.21619,34.7519,142.21097,239.21962,986.16028,13.97503,13.61237,347.96323,24.72846,25.67444,12,11.68976,1.07666,524320,0.32669,0,0,1,1,1,1,9.45173,0,27.48882,524320,524320,1,32.17162,37.92419,28.39069,28.03507,1,1,119.04872,0,0,0,0,12.92742,1,2880,54777,720.54736,921,1,7.4757,-2.889,10.1144,-0.8347,11.98572,50,50,50,50,5028,11400,464,70,15206,30,1099,-0.00058,2.8031,7.94045,287.12744,0.00224,16256,286.91046,299.04517,20.16145,9970,27279,0.05148,0.94242,348.79922,982.02313,144.19682,26.47805,29.94787
2022-08-12 16:24:01,hai-testbed-01,HAI 23.05 industrial testbed,industrial_control_system,8.17622,8.5617,100,97.32208,52.40959,53.29284,55.16052,287.20242,46.19596,180.94153,239.4104,984.42072,14.06212,13.61237,347.70767,24.63915,25.67444,12,11.68976,1.07819,524320,0.31906,0,0,1,1,1,1,9.49683,0,27.48882,524320,524320,1,32.17162,37.90893,28.39069,28.03257,1,1,119.04872,0,0,0,0,12.92742,1,2880,54777,720.47668,921,1,6.6773,-2.7034,9.66,-0.9814,12.01885,50,50,50,50,5100,11520,416,70,15217,30,1148,-0.00058,2.53183,7.94045,285.26471,0.00036,16191,285.08386,297.39948,20.16145,9970,27276,0.05148,0.93681,348.79922,982.02313,142.21097,26.47805,29.92918
2022-08-12 16:24:02,hai-testbed-01,HAI 23.05 industrial testbed,industrial_control_system,7.17551,8.7677,100,97.31445,52.46611,53.29284,54.77904,287.20242,47.72187,240.52695,239.4104,984.85571,14.08499,13.61237,347.70767,24.5522,25.67444,12,11.68976,1.07742,524320,0.31982,0,0,1,1,1,1,9.54192,0,27.48882,524320,524320,1,32.15637,37.92419,28.39069,28.04298,1,1,119.04872,0,0,0,0,12.92742,1,2880,54777,720.47595,922,1,6.987,-3.4054,10.0779,-1.1761,11.92615,50,50,50,50,5125,11640,384,70,15242,30,1173,-0.00058,2.35098,7.94045,284.16162,-0.00029,16162,285.24664,296.45911,20.16145,9970,27283,0.05148,0.9351,348.79922,982.02313,180.94153,26.47805,29.92346
2022-08-12 16:24:03,hai-testbed-01,HAI 23.05 industrial testbed,industrial_control_system,6.9742,8.83636,100,97.32208,52.43825,53.29284,54.77904,285.21619,47.34039,248.47186,239.79187,984.85571,14.08327,13.61237,347.5032,24.46424,25.67444,12,11.68976,1.07895,524320,0.31754,0,0,1,1,1,1,9.58702,0,27.48882,524320,524320,1,32.17162,37.92419,28.39069,28.03689,1,1,119.04872,0,0,0,0,12.92742,1,2880,54777,720.61603,921,1,7.3953,-2.7927,10.0219,-0.8187,11.99338,50,50,50,50,5152,11744,336,70,15238,30,1255,-0.00036,2.11591,7.94045,282.75104,-7e-05,16027,282.13617,294.6687,20.16145,9969,27279,0.05148,0.93121,348.79922,982.02313,240.52695,26.47805,29.91049
2022-08-12 16:24:04,hai-testbed-01,HAI 23.05 industrial testbed,industrial_control_system,6.92772,7.92847,100,97.32208,52.42692,53.29284,55.35122,285.21619,42.57202,246.48564,239.98257,985.72546,14.07972,13.61999,347.40094,24.37531,25.67444,12,11.68976,1.07742,524320,0.32059,0,0,1,1,1,1,9.63211,0,27.48882,524320,524320,1,32.15637,37.9547,28.39069,28.03689,1,1,119.04872,0,0,0,0,12.92742,1,2880,54777,720.61603,921,1,7.3953,-2.8351,10.0219,-0.8187,11.99338,50,50,50,50,5171,11848,304,70,15245,30,1285,-0.00036,1.98932,7.94045,282.09998,0.00043,15978,281.90106,293.58362,20.16145,9970,27283,0.05148,0.92972,348.79922,982.02313,248.47186,26.47805,29.90553
2022-08-12 16:24:05,hai-testbed-01,HAI 23.05 industrial testbed,industrial_control_system,7.2437,7.18079,100,97.32208,52.37906,53.29284,54.58834,288.19534,29.41127,221.65831,239.21962,986.16028,14.07482,13.61999,347.5032,24.27325,25.67444,12,11.68976,1.07666,524320,0.33966,0,0,1,1,1,1,9.6772,0,27.48882,524320,524320,1,32.17162,37.93946,28.39069,28.03341,1,1,119.04872,0,0,0,0,12.92742,1,2880,54777,720.59094,921,1,7.1332,-3.4163,10.1467,-1.1484,11.92516,50,50,50,50,5217,11944,256,70,15223,30,1344,-0.00058,1.80847,7.94045,280.94257,0.00058,15993,282.64246,293.51129,20.16145,9970,27279,0.05148,0.92297,348.79922,982.02313,246.48564,26.47805,29.88302
2022-08-12 16:24:06,hai-testbed-01,HAI 23.05 industrial testbed,industrial_control_system,8.25971,6.33392,100,97.32208,52.34599,53.29284,54.77904,284.22327,13.00813,153.13467,239.79187,984.42072,14.12375,13.61999,347.14539,24.18441,25.67444,12,11.68976,1.07895,524320,0.34882,0,0,1,1,1,1,9.7223,0,27.48882,524320,524320,1,32.17162,37.96997,28.39069,28.03085,1,1,119.04872,0,0,0,0,12.92742,1,2880,54777,720.5553,921,1,7.3077,-2.6711,9.9515,-0.7922,12.0127,50,50,50,50,5201,12040,224,70,15204,30,1386,-0.00036,1.62762,7.94045,279.60431,-0.00036,15885,281.30426,291.72095,20.16145,9970,27283,0.05148,0.91999,348.79922,982.02313,221.65831,26.47805,29.8731
2022-08-12 16:24:07,hai-testbed-01,HAI 23.05 industrial testbed,industrial_control_system,9.56466,6.28815,100,97.32208,52.4025,53.29284,54.77904,285.21619,11.29152,67.729,239.21962,985.72546,14.13049,13.61999,346.99203,24.10427,25.05646,12,11.68976,1.07208,524320,0.35034,0,0,1,1,1,1,9.76739,0,27.48882,524320,524320,1,32.17162,37.98523,28.39069,28.03605,1,1,119.04872,0,0,0,0,12.92742,1,2880,54777,720.54565,922,1,6.4965,-2.9687,9.6514,-1.0965,11.98066,50,50,50,50,5210,12136,192,70,14978,30,1422,-0.00036,1.50104,7.94045,279.27881,0.00152,15835,279.29688,290.96136,20.16145,9970,27274,0.05148,0.92194,348.79922,982.02313,153.13467,26.47805,29.85556
2022-08-12 16:24:08,hai-testbed-01,HAI 23.05 industrial testbed,industrial_control_system,9.68501,6.43311,100,97.32208,52.33811,53.29284,54.58834,285.21619,19.30235,58.79115,239.21962,984.42072,14.20679,13.61237,347.09427,24.02396,24.70551,12,11.68976,1.04767,524320,0.33813,0,0,1,1,1,1,9.81248,0,27.48882,524320,524320,1,32.17162,37.98523,28.39069,28.03605,1,1,119.04872,0,0,0,0,12.92742,1,2880,54777,720.54565,922,1,6.4965,-3.2823,9.6514,-1.0965,11.98066,50,50,50,50,5258,12216,176,70,14959,30,1481,-0.00036,1.39249,7.94045,277.94049,-0.00101,15754,277.00012,289.11676,20.16145,9970,27276,0.05148,0.91473,348.79922,982.02313,67.729,26.47805,29.85518
2022-08-12 16:24:09,hai-testbed-01,HAI 23.05 industrial testbed,industrial_control_system,9.0058,8.1192,100,97.32208,52.3781,53.29284,53.63461,284.22327,43.52568,100.50088,239.4104,984.42072,14.1938,13.61237,346.83865,24.07286,24.5758,12,11.68976,1.04004,524320,0.32669,0,0,1,1,1,1,9.85758,0,27.48882,524320,524320,1,32.15637,38.00048,28.39069,28.03946,1,1,119.04872,0,0,0,0,12.92742,1,2880,54777,720.54584,922,1,7.0998,-2.5387,9.8121,-0.7677,12.03544,50,50,50,50,5256,12296,144,70,14957,30,1548,-0.00036,1.26593,7.94045,277.39801,-0.00065,15767,277.36182,288.39337,20.16145,9947,27274,0.05148,0.91461,348.79922,982.02313,58.79115,26.47805,29.83419
2022-08-12 16:24:10,hai-testbed-01,HAI 23.05 industrial testbed,industrial_control_system,6.97625,9.30939,100,97.32208,52.36851,53.29284,52.68095,279.25751,47.72187,226.6237,239.4104,984.85571,14.22137,13.61237,346.5831,24.01334,24.69788,12,11.68976,1.03851,524320,0.32211,0,0,1,1,1,1,9.90267,0,27.48882,524320,524320,1,32.17162,38.00048,28.39069,28.04122,1,1,119.04872,0,0,0,0,12.92742,1,2880,54777,720.65161,922,1,6.5478,-3.2046,9.7862,-1.1842,11.94727,50,50,50,50,5310,12368,128,70,14955,30,1568,-0.00036,1.15741,7.94045,276.47565,-0.00224,15741,277.32568,287.61572,20.16145,9944,27278,0.05148,0.90832,348.79922,982.02313,100.50088,26.47805,29.83267
2022-08-12 16:24:11,hai-testbed-01,HAI 23.05 industrial testbed,industrial_control_system,6.55905,9.36279,100,97.32208,52.34065,53.29284,52.87172,274.29211,49.43849,248.47186,239.21962,984.85571,14.26634,13.61237,346.12302,23.95308,24.69788,12,11.68976,1.04004,524320,0.3244,0,0,1,1,1,1,9.94776,0,27.48882,524320,524320,1,32.15637,38.01574,28.39069,28.03432,1,1,119.04872,0,0,0,0,12.92742,1,2880,54777,720.72174,920,1,7.4003,-3.173,10.1395,-0.9825,11.95255,50,50,50,50,5305,12440,112,70,14951,30,1629,-0.00036,1.08505,7.94045,276.58423,-0.00109,15679,275.26404,286.5849,20.16145,9943,27278,0.05148,0.90786,348.79922,982.02313,226.6237,26.47805,29.82046
2022-08-12 16:24:12,hai-testbed-01,HAI 23.05 industrial testbed,industrial_control_system,6.33951,9.13391,100,97.32208,52.32932,53.29284,53.06242,275.28543,48.86623,257.40973,238.64743,984.42072,14.36404,13.61237,346.27637,23.86052,24.72076,12,11.68976,1.03928,524320,0.32135,0,0,1,1,1,1,9.99286,0,27.48882,524320,524320,1,32.18689,38.01574,28.39069,28.03514,1,1,119.04872,0,0,0,0,12.92742,1,2880,54777,720.5802,922,1,6.919,-2.53,9.7221,-0.8622,12.0353,50,50,50,50,5295,12512,80,70,14976,30,1646,-0.00036,0.94037,7.94045,277.43414,-0.00246,15683,276.65656,286.34985,20.16145,9944,27275,0.05148,0.9042,348.79922,982.02313,248.47186,26.47805,29.80711
2022-08-12 16:24:13,hai-testbed-01,HAI 23.05 industrial testbed,industrial_control_system,6.30596,7.37915,100,97.32971,52.33626,53.29284,53.4439,276.27835,33.60746,254.43018,238.83813,983.11615,14.40048,13.61237,345.96967,23.77558,24.72839,12,11.68976,1.03928,524320,0.33432,0,0,1,1,1,1,10.03795,0,27.48882,524320,524320,1,32.17162,38.04626,28.39069,28.03514,1,1,119.04872,0,0,0,0,12.92742,1,2880,54777,720.5802,922,1,6.919,-3.3849,9.7221,-0.8622,12.0353,50,50,50,50,5312,12576,80,70,14976,30,1646,-0.00036,0.88614,7.94045,274.84808,-0.00246,15683,274.88428,285.31903,20.16145,9943,27281,0.05148,0.90019,348.79922,982.02313,257.40973,26.47805,29.80444
2022-08-12 16:24:14,hai-testbed-01,HAI 23.05 industrial testbed,industrial_control_system,6.30596,7.37915,100,97.32208,52.38146,53.29284,52.49024,278.26456,9.19342,174.98283,240.17336,983.55096,14.44593,13.61237,345.66299,23.70183,24.72839,12,11.68976,1.04156,524320,0.36407,0,0,1,1,1,1,10.03795,0,27.48882,524320,524320,1,32.17162,38.03101,28.39069,28.03253,1,1,119.04872,0,0,0,0,12.92742,1,2880,54777,720.66895,922,1,7.4407,-2.9005,10.0835,-0.8636,11.98619,50,50,50,50,5312,12576,80,70,14998,30,1698,-0.00036,0.88614,7.94045,274.84808,-0.00101,15622,274.88428,285.31903,20.16145,9943,27281,0.05148,0.89939,348.79922,982.02313,254.43018,26.47805,29.80444
2022-08-12 16:24:15,hai-testbed-01,HAI 23.05 industrial testbed,industrial_control_system,7.48474,5.92194,100,97.32208,52.35883,53.29284,53.06242,273.29919,5.95089,47.86707,239.4104,986.59528,14.38502,13.61237,345.45853,23.70183,24.72839,12,11.68976,1.04156,524320,0.36407,0,0,1,1,1,1,10.08304,0,27.48882,524320,524320,1,32.17162,38.04626,28.39069,28.03514,1,1,119.04872,0,0,0,0,12.92742,1,2880,54777,720.64996,923,1,6.6227,-2.7686,9.6604,-1.0101,12.01061,50,50,50,50,5330,12640,64,70,15003,30,1759,-0.00036,0.81378,7.94045,274.17896,0.00036,15483,274.10663,283.69141,20.16145,9943,27283,0.05148,0.89939,348.79922,982.02313,174.98283,26.47805,29.7949
2022-08-12 16:24:16,hai-testbed-01,HAI 23.05 industrial testbed,industrial_control_system,9.4436,5.79986,100,97.32208,52.22486,53.29284,53.06242,276.27835,8.04899,30.9843,239.6011,984.85571,14.49206,13.61237,345.35626,23.60485,24.72839,12,11.68976,1.04156,524320,0.36102,0,0,1,1,1,1,10.12814,0,27.48882,524320,524320,1,32.17162,38.04626,28.39069,28.03345,1,1,119.04872,0,0,0,0,12.92742,1,2880,54776,720.68536,923,1,7.1888,-3.3883,10.1774,-1.1224,11.92636,50,50,50,50,5316,12696,48,70,14998,30,1783,-0.00036,0.77765,7.94045,273.79919,-0.00043,15444,273.72687,282.71484,20.16145,9943,27281,0.05148,0.89653,348.79922,982.02313,47.86707,26.47805,29.79414
2022-08-12 16:24:17,hai-testbed-01,HAI 23.05 industrial testbed,industrial_control_system,9.69604,7.30286,100,97.32208,52.27963,53.29284,52.87172,276.27835,37.04069,41.90838,239.02892,985.29053,14.50155,13.61999,345.10071,23.53113,24.72839,12,11.68976,1.04309,524320,0.33356,0,0,1,1,1,1,10.21832,0,27.48882,524320,524320,1,32.17162,38.07678,28.39069,28.03345,1,1,119.04872,0,0,0,0,12.92742,1,2880,54777,720.68536,923,1,7.1888,-2.6112,10.1774,-1.1224,11.92636,50,50,50,50,5328,12752,32,70,14987,30,1816,-0.00036,0.70529,7.94045,272.94922,-0.00087,15408,273.90771,281.77448,20.16145,9944,27281,0.05148,0.89424,348.79922,982.02313,30.9843,26.47805,29.78727
2022-08-12 16:24:18,hai-testbed-01,HAI 23.05 industrial testbed,industrial_control_system,9.51326,9.1568,100,97.32208,52.25004,53.29284,53.25313,275.28543,47.5311,192.85852,239.02892,983.9859,14.50155,13.61999,344.99844,23.43967,24.72839,12,11.68976,1.04233,524320,0.32516,0,0,1,1,1,1,10.26342,0,27.48882,524320,524320,1,32.15637,38.06152,28.39069,28.03868,1,1,119.04872,0,0,0,0,12.92742,1,2880,54777,720.68604,923,1,6.5309,-3.1518,9.7447,-1.1795,11.95768,50,50,50,50,5283,12808,16,70,14990,30,1881,-0.00036,0.63293,7.94045,271.15887,0.00043,15372,270.74292,281.55743,20.16145,9946,27284,0.05148,0.89081,348.79922,982.02313,41.90838,26.47805,29.77583
2022-08-12 16:24:19,hai-testbed-01,HAI 23.05 industrial testbed,industrial_control_system,6.183,9.47723,100,97.32208,52.29176,53.29284,53.06242,277.27127,47.34039,247.47858,239.21962,982.2464,14.70936,13.61237,344.74289,23.35123,24.72839,12,11.68976,1.04309,524320,0.32211,0,0,1,1,1,1,10.30851,0,27.48882,524320,524320,1,32.17162,38.09204,28.39069,28.03253,1,1,119.04872,0,0,0,0,12.92742,1,2880,54777,720.62561,925,1,7.3844,-3.1128,10.1223,-0.867,11.95485,50,50,50,50,5341,12856,0,70,14991,30,1891,-0.00036,0.5787,7.94045,273.03961,0.00145,15331,272.46094,281.01489,20.16145,9944,27274,0.05148,0.88863,348.79922,982.02313,192.85852,26.47805,29.76858
2022-08-12 16:24:20,hai-testbed-01,HAI 23.05 industrial testbed,industrial_control_system,6.12109,9.26361,100,97.32208,52.35697,53.29284,53.4439,276.27835,48.29405,246.48564,238.83813,984.42072,14.6858,13.61237,344.64062,23.26005,24.72076,12,11.68976,1.04156,524320,0.3244,0,0,1,1,1,1,10.35361,0,27.48882,524320,524320,1,32.15637,38.07678,28.39069,28.03865,1,1,119.04872,0,0,0,0,12.92742,1,2880,54777,720.65155,924,1,6.8598,-2.577,9.7202,-0.8824,12.03265,50,50,50,50,5315,12912,-16,70,14996,30,1914,-0.00036,0.52448,7.94045,271.95459,-0.00101,15310,273.00348,280.16498,20.16145,9944,27276,0.05148,0.8852,348.79922,982.02313,247.47858,26.47805,29.75714
2022-08-12 16:24:21,hai-testbed-01,HAI 23.05 industrial testbed,industrial_control_system,5.96511,7.44019,100,97.32208,52.26476,53.29284,53.63461,278.26456,34.7519,251.45102,239.21962,983.55096,14.75398,13.61237,344.48727,23.17281,24.72839,12,11.68976,1.04156,524320,0.33127,0,0,1,1,1,1,10.3987,0,27.48882,524320,524320,1,32.18689,38.09204,28.39069,28.03605,1,1,119.04872,0,0,0,0,12.92742,1,2880,54777,720.72205,924,1,6.8771,-3.4143,9.9757,-1.2481,11.92805,50,50,50,50,5263,12952,-32,70,15002,30,1987,-0.00036,0.45209,7.94045,272.31628,-0.00072,15282,272.20776,279.58624,20.16145,9943,27278,0.05148,0.88291,348.79922,982.02313,246.48564,26.47805,29.74951
2022-08-12 16:24:22,hai-testbed-01,HAI 23.05 industrial testbed,industrial_control_system,7.00323,5.74646,100,97.32208,52.2917,53.29284,53.25313,279.25751,8.23976,180.94153,238.83813,984.42072,14.76363,13.61999,344.43619,22.99006,23.60687,12,11.68976,1.02249,524320,0.36865,0,0,1,1,1,1,10.44379,0,27.48882,524320,524320,1,32.15637,38.12255,28.39069,28.03605,1,1,119.04872,0,0,0,0,12.92742,1,2880,54777,720.72205,924,1,6.8771,-2.7618,9.9757,-1.2481,11.92805,50,50,50,50,5276,12992,-48,70,15004,30,1999,-0.00036,0.39786,7.94045,272.33435,0.00188,15211,270.01953,278.70013,20.16145,9944,27283,0.05148,0.88039,348.79922,982.02313,251.45102,26.47805,29.74112
2022-08-12 16:24:23,hai-testbed-01,HAI 23.05 industrial testbed,industrial_control_system,9.13328,5.58624,100,97.32208,52.24906,53.29284,53.25313,277.27127,5.18801,42.90168,239.02892,983.55096,14.82479,14.57367,344.64062,22.9952,23.53821,12,11.68976,1.00037,524320,0.36942,0,0,1,1,1,1,10.48889,0,27.48882,524320,524320,1,32.17162,38.12255,28.39069,28.0351,1,1,119.04872,0,0,0,0,12.92742,1,2880,54777,720.72241,922,1,6.5259,-2.9746,9.6991,-1.1054,11.98456,50,50,50,50,5248,13032,-48,70,15005,30,2052,-0.00036,0.39786,7.94045,270.43542,-0.00109,15157,272.84076,277.81396,20.16145,9943,27279,0.05148,0.87765,348.79922,982.02313,180.94153,26.47805,29.73196
2022-08-12 16:24:24,hai-testbed-01,HAI 23.05 industrial testbed,industrial_control_system,9.37154,5.57098,100,97.32208,52.276,53.29284,53.06242,277.27127,4.99723,27.01222,238.64743,983.9859,14.79443,14.68048,344.48727,23.03653,23.53821,12,11.68976,0.98663,524320,0.36636,0,0,1,1,1,1,10.53398,0,27.48882,524320,524320,1,32.15637,38.12255,28.39069,28.03777,1,1,119.04872,0,0,0,0,12.92742,1,2880,54777,720.66119,923,1,7.4261,-3.263,10.2467,-1.0098,11.94752,50,50,50,50,5257,13072,-48,70,15021,30,2097,-0.00022,0.3255,7.94045,270.74292,-0.00014,15127,270.61627,277.03632,20.16145,9944,27272,0.05148,0.87719,348.79922,982.02313,42.90168,26.47805,29.73043
2022-08-12 16:24:25,hai-testbed-01,HAI 23.05 industrial testbed,industrial_control_system,9.3788,6.53992,100,97.32208,52.25162,53.29284,53.4439,276.27835,24.6429,26.01891,238.26596,983.11615,14.87326,14.68048,343.97614,23.06025,23.53821,12,11.68976,0.98129,524320,0.33966,0,0,1,1,1,1,10.57907,0,27.48882,524320,524320,1,32.17162,38.13782,28.39069,28.03602,1,1,119.04872,0,0,0,0,12.92742,1,2880,54777,720.54663,922,1,6.9859,-3.263,9.7692,-0.8266,12.03627,50,50,50,50,4764,13112,-64,70,15012,30,3785,-0.00036,0.3255,7.94045,272.78644,-0.00065,15178,270.56207,277.45221,20.16145,9943,27281,0.05148,0.87971,348.79922,982.02313,27.01222,26.47805,29.73883
2022-08-12 16:24:26,hai-testbed-01,HAI 23.05 industrial testbed,industrial_control_system,7.7502,8.44727,100,97.32971,52.2803,53.29284,52.10876,278.26456,43.71638,128.30736,238.26596,982.2464,15.01511,14.68048,343.61832,23.0114,23.53821,12,11.68976,0.97977,524320,0.32288,0,0,1,1,1,1,10.62417,0,27.48882,524320,524320,1,32.15637,38.15308,28.39069,28.03602,1,1,119.04872,0,0,0,0,12.92742,1,2880,54777,720.54663,922,1,6.9859,-3.3605,9.7692,-0.8266,12.03627,50,50,50,50,1888,13152,-64,70,15013,30,3741,-0.00036,0.28937,7.94045,272.49713,-0.00109,15166,270.97803,277.03632,20.16145,9943,27275,0.05148,0.87524,348.79922,982.02313,26.01891,26.47805,29.72395
2022-08-12 16:24:27,hai-testbed-01,HAI 23.05 industrial testbed,industrial_control_system,6.1367,9.38568,100,97.32208,52.31245,53.29284,52.87172,271.31296,47.72187,227.61664,238.26596,982.2464,15.10244,14.68048,343.46497,22.96999,23.53821,12,11.68976,0.97977,524320,0.32288,0,0,1,1,1,1,10.66926,0,27.48882,524320,524320,1,32.14111,38.15308,28.39069,28.03429,1,1,119.04872,0,0,0,0,12.92742,1,2880,54777,720.68689,923,1,7.4622,-2.8741,10.1016,-0.827,11.98762,50,50,50,50,1612,13184,-64,70,15116,30,3754,-0.00036,0.28937,7.94045,272.80457,-0.00101,15142,272.64178,276.60229,20.16145,9943,27278,0.05148,0.87593,348.79922,982.02313,128.30736,26.47805,29.72624
2022-08-12 16:24:28,hai-testbed-01,HAI 23.05 industrial testbed,industrial_control_system,5.73492,9.31702,100,97.32208,52.31156,53.29284,51.72729,275.28543,46.76814,248.47186,237.88448,982.2464,15.1581,14.68048,343.2605,22.91266,23.53821,12,11.68976,0.979,524320,0.32059,0,0,1,1,1,1,10.71435,0,27.48882,524320,524320,1,32.15637,38.16833,28.39069,28.03601,1,1,119.04872,0,0,0,0,12.92742,1,2880,54778,720.68628,923,1,6.6197,-2.8741,9.6872,-1.0203,12.00419,50,50,50,50,1653,13216,-80,70,15210,30,3779,-0.00036,0.21701,7.94045,271.95459,0.00036,15134,270.36316,276.80121,20.16145,9943,27272,0.05148,0.8749,348.79922,982.02313,227.61664,26.47805,29.72281
2022-08-12 16:24:29,hai-testbed-01,HAI 23.05 industrial testbed,industrial_control_system,5.73564,7.72247,100,97.32208,52.31067,53.29284,52.29947,269.32672,39.90174,243.5061,238.07526,981.37659,15.25841,14.68811,343.15826,22.85943,23.53821,12,11.68976,0.979,524320,0.33051,0,0,1,1,1,1,10.75945,0,27.48882,524320,524320,1,32.17162,38.16833,28.39069,28.03432,1,1,119.04872,0,0,0,0,12.92742,1,2880,54778,720.58093,923,1,7.2488,-3.3545,10.1775,-1.0987,11.93387,50,50,50,50,1637,13240,-80,70,15315,30,3785,-0.00036,0.21701,7.94045,271.46631,0.00224,15091,271.28546,276.31293,20.16145,9943,27279,0.05148,0.87399,348.79922,982.02313,248.47186,26.47805,29.71975
2022-08-12 16:24:30,hai-testbed-01,HAI 23.05 industrial testbed,industrial_control_system,6.22561,5.7312,100,97.32208,52.34631,53.29284,52.68095,272.30588,9.5749,207.75508,237.50301,981.81158,15.29325,14.68811,343.05603,22.79971,23.53821,12,11.68976,0.979,524320,0.36026,0,0,1,1,1,1,10.80454,0,27.48882,524320,524320,1,32.15637,38.19885,28.39069,28.04037,1,1,119.04872,0,0,0,0,12.92742,1,2880,54777,720.72131,924,1,7.1426,-2.5428,9.8274,-0.792,12.0335,50,50,50,50,1647,13272,-96,70,15391,30,3782,-0.00014,0.21701,7.94045,271.35779,0.00217,15045,271.55676,275.87891,20.16145,9943,27280,0.05148,0.87261,348.79922,982.02313,243.5061,26.47805,29.71518
2022-08-12 16:24:31,hai-testbed-01,HAI 23.05 industrial testbed,industrial_control_system,8.6619,5.35736,100,97.32208,52.33063,53.29284,52.87172,274.29211,4.99723,49.85331,237.3123,980.50684,15.39782,14.68811,342.69821,22.7333,23.53821,12,11.68976,0.97977,524320,0.37399,0,0,1,1,1,1,10.84963,0,27.48882,524320,524320,1,32.15637,38.18359,28.39069,28.04037,1,1,119.04872,0,0,0,0,12.92742,1,2880,54776,720.72131,924,1,7.1426,-3.2804,9.8274,-0.792,12.0335,50,50,50,50,1654,13304,-96,70,15433,30,3848,-0.00014,0.14465,7.94045,271.2312,0,15038,270.12799,275.0108,20.16145,9943,27275,0.05148,0.87009,348.79922,982.02313,207.75508,26.47805,29.70678
2022-08-12 16:24:32,hai-testbed-01,HAI 23.05 industrial testbed,industrial_control_system,9.02384,5.3421,100,97.32208,52.38627,53.29284,53.25313,275.28543,4.99723,26.01891,237.50301,980.07202,15.51458,14.68811,342.49371,22.66823,23.53821,12,11.68976,0.97977,524320,0.36865,0,0,1,1,1,1,10.89473,0,27.48882,524320,524320,1,32.14111,38.19885,28.39069,28.03338,1,1,119.04872,0,0,0,0,12.92742,1,2880,54777,720.82629,924,1,7.4944,-3.0126,10.1618,-0.8876,11.97338,50,50,50,50,1683,13320,-96,70,15536,30,3870,-0.00036,0.14465,7.94045,271.28546,-0.0013,15071,269.82062,275.17358,20.16145,9943,27278,0.05148,0.86884,348.79922,982.02313,49.85331,26.47805,29.70259
2022-08-12 16:24:33,hai-testbed-01,HAI 23.05 industrial testbed,industrial_control_system,9.01568,5.58624,100,97.32208,52.4106,53.29284,52.68095,277.27127,8.43046,26.01891,238.26596,980.50684,15.57432,14.68811,342.4426,22.61036,23.53821,12,11.68976,0.97748,524320,0.36407,0,0,1,1,1,1,10.93982,0,27.48882,524320,524320,1,32.15637,38.2141,28.39069,28.03862,1,1,119.04872,0,0,0,0,12.92742,1,2880,54776,720.862,924,1,6.735,-2.6561,9.7071,-0.9337,12.02046,50,50,50,50,1722,13352,-96,70,15651,30,3874,-0.00036,0.14465,7.94045,271.53864,-0.00231,15045,271.21313,274.41406,20.16145,9943,27279,0.05148,0.86838,348.79922,982.02313,26.01891,26.47805,29.70106
2022-08-12 16:24:34,hai-testbed-01,HAI 23.05 industrial testbed,industrial_control_system,8.72433,7.37152,100,97.32208,52.40014,53.29284,52.68095,274.29211,36.46851,43.89461,237.3123,982.2464,15.55511,14.68811,342.13589,22.57509,23.53821,12,11.68976,0.97748,524320,0.32822,0,0,1,1,1,1,10.98491,0,27.48882,524320,524320,1,32.15637,38.22937,28.39069,28.04034,1,1,119.04872,0,0,0,0,12.92742,1,2880,54777,720.72156,925,1,7.0966,-3.4061,10.134,-1.1511,11.92578,50,50,50,50,1712,13376,-96,70,15645,30,3885,-0.00036,0.14465,7.94045,270.36316,-0.00203,15085,271.73755,275.02893,20.16145,9943,27274,0.05148,0.86998,348.79922,982.02313,26.01891,26.47805,29.7064
2022-08-12 16:24:35,hai-testbed-01,HAI 23.05 industrial testbed,industrial_control_system,6.39789,8.79059,100,97.32971,52.33315,53.29284,52.49024,274.29211,46.38673,189.87938,237.50301,980.07202,15.73089,14.68811,341.88034,22.50272,23.53821,12,11.68976,0.97748,524320,0.32745,0,0,1,1,1,1,11.03001,0,27.48882,524320,524320,1,32.15637,38.22937,28.39069,28.02996,1,1,119.04872,0,0,0,0,12.92742,1,2880,54777,720.72119,924,1,7.2873,-2.6365,9.9366,-0.7842,12.02048,50,50,50,50,1748,13392,-112,70,15705,30,3885,-0.00036,0.09042,7.94045,269.63971,0.00101,14999,270.68866,274.28748,20.16145,9943,27278,0.05148,0.86643,348.79922,982.02313,43.89461,26.47805,29.69458
2022-08-12 16:24:36,hai-testbed-01,HAI 23.05 industrial testbed,industrial_control_system,5.52024,8.88977,100,97.32971,52.42358,53.29284,53.06242,273.29919,46.38673,241.52025,237.50301,980.50684,15.80206,14.68811,341.77811,22.46882,23.53821,12,11.68976,0.97748,524320,0.32211,0,0,1,1,1,1,11.0751,0,27.48882,524320,524320,1,32.18689,38.24463,28.39069,28.02996,1,1,119.04872,0,0,0,0,12.92742,1,2880,54777,720.72119,924,1,7.2873,-3.136,9.9366,-0.7842,12.02048,50,50,50,50,1746,13416,-112,70,15688,30,3884,-0.00036,0.09042,7.94045,270.48975,-0.00203,15009,270.50781,273.87152,20.16145,9943,27278,0.05148,0.87055,348.79922,982.02313,189.87938,26.47805,29.70831
2022-08-12 16:24:37,hai-testbed-01,HAI 23.05 industrial testbed,industrial_control_system,5.44447,8.69903,100,97.32971,52.41312,53.29284,52.29947,276.27835,46.95892,241.52025,237.50301,980.50684,15.86542,14.68048,341.57361,22.40515,23.53821,12,11.68976,0.97672,524320,0.32135,0,0,1,1,1,1,11.1202,0,27.48882,524320,524320,1,32.15637,38.24463,28.39069,28.03514,1,1,119.04872,0,0,0,0,12.92742,1,2880,54777,720.55414,923,1,7.4674,-3.1588,10.1999,-0.9641,11.95584,50,50,50,50,1756,13432,-112,70,15726,30,3920,-0.00036,0.09042,7.94045,268.89832,-0.00239,15047,270.12799,274.23322,20.16145,9943,27284,0.05148,0.86861,348.79922,982.02313,241.52025,26.47805,29.70182
2022-08-12 16:24:38,hai-testbed-01,HAI 23.05 industrial testbed,industrial_control_system,5.32151,7.04346,100,97.31445,52.41919,53.29284,53.25313,272.30588,26.93177,244.4994,237.88448,981.37659,15.91072,15.6723,341.52249,22.33189,23.53821,12,11.68976,0.96832,524320,0.34119,0,0,1,1,1,1,11.16529,0,27.48882,524320,524320,1,32.17162,38.25989,28.39069,28.03517,1,1,119.04872,0,0,0,0,12.92742,1,2880,54778,720.61542,921,1,6.837,-2.5781,9.7111,-0.8874,12.033,50,50,50,50,1806,13456,-112,70,15801,30,3953,-0.00022,0.09042,7.94045,267.86749,0.00275,14912,267.30688,272.98541,20.16145,9943,27279,0.05148,0.86426,348.79922,982.02313,241.52025,26.47805,29.68733
2022-08-12 16:24:39,hai-testbed-01,HAI 23.05 industrial testbed,industrial_control_system,6.89672,5.13611,100,97.32208,52.38872,53.29284,53.25313,277.27127,7.09533,140.22473,237.50301,980.50684,15.99939,15.7486,341.52249,22.32392,23.53821,12,11.68976,0.95993,524320,0.36407,0,0,1,1,1,1,11.21038,0,27.48882,524320,524320,1,32.15637,38.25989,28.39069,28.03517,1,1,119.04872,0,0,0,0,12.92742,1,2880,54777,720.79132,923,1,6.9619,-3.4017,10.0772,-1.1763,11.92666,50,50,50,50,1828,13472,-112,70,15952,30,3953,-0.00014,0.09042,7.94045,270.05573,-0.00166,14924,270.09192,272.80457,20.16145,9943,27283,0.05148,0.86506,348.79922,982.02313,244.4994,26.47805,29.69
2022-08-12 16:24:40,hai-testbed-01,HAI 23.05 industrial testbed,industrial_control_system,8.4889,4.87671,100,97.32208,52.42784,53.29284,53.63461,277.27127,5.18801,36.94299,237.50301,980.50684,16.04788,15.7486,341.42029,22.31275,23.53821,12,11.68976,0.95612,524320,0.36713,0,0,1,1,1,1,11.25548,0,27.48882,524320,524320,1,32.17162,38.27514,28.39069,28.03517,1,1,119.04872,0,0,0,0,12.92742,1,2880,54777,720.79132,923,1,6.9619,-2.7211,10.0772,-1.1763,11.92666,50,50,50,50,1773,13488,-112,70,15943,30,3979,-0.00036,0.09042,7.94045,269.82062,-0.00072,14888,268.13879,272.1535,20.16145,9935,27283,0.05148,0.86437,348.79922,982.02313,140.22473,26.47805,29.68771
2022-08-12 16:24:41,hai-testbed-01,HAI 23.05 industrial testbed,industrial_control_system,8.63464,4.88434,100,97.32208,52.4339,53.29284,54.39756,279.25751,4.99723,27.01222,237.88448,981.37659,16.07774,15.7486,341.16467,22.25916,23.53821,12,11.68976,0.95306,524320,0.36636,0,0,1,1,1,1,11.30057,0,27.48882,524320,524320,1,32.15637,38.27514,28.39069,28.03514,1,1,119.04872,0,0,0,0,12.92742,1,2880,54777,720.72083,924,1,6.5327,-3.0199,9.7207,-1.1205,11.97481,50,50,50,50,1799,13504,-112,70,16001,30,3942,-0.00014,0.01807,7.94045,270.12799,0.00231,14848,270.25464,272.2439,20.16145,9931,27280,0.05148,0.85945,348.79922,982.02313,36.94299,26.47805,29.67131
2022-08-12 16:24:42,hai-testbed-01,HAI 23.05 industrial testbed,industrial_control_system,8.63464,4.88434,100,97.32208,52.40344,53.29284,53.63461,283.22998,23.88001,26.01891,237.50301,980.50684,16.20086,15.7486,340.96024,22.22384,23.53821,12,11.68976,0.95306,524320,0.33508,0,0,1,1,1,1,11.34566,0,27.48882,524320,524320,1,32.15637,38.2904,28.39069,28.0352,1,1,119.04872,0,0,0,0,12.92742,1,2880,54777,720.62335,926,1,7.4316,-3.23,10.2173,-1.0105,11.94889,50,50,50,50,1782,13520,-112,70,16057,30,3950,-0.00014,0.01807,7.94045,269.54932,-0.00029,14903,270.20038,272.20776,20.16145,9934,27279,0.05148,0.85888,348.79922,982.02313,27.01222,26.47805,29.67131
2022-08-12 16:24:43,hai-testbed-01,HAI 23.05 industrial testbed,industrial_control_system,7.07622,8.29468,100,97.32208,52.44255,53.29284,53.63461,279.25751,43.90716,124.33527,237.69377,979.20227,16.33803,15.7486,340.75577,22.20139,22.89734,12,11.68976,0.94772,524320,0.3244,0,0,1,1,1,1,11.39076,0,27.48882,524320,524320,1,32.15637,38.2904,28.39069,28.04294,1,1,119.04872,0,0,0,0,12.92742,1,2880,54777,720.72076,925,1,6.8948,-2.5527,9.7246,-0.8613,12.03393,50,50,50,50,1809,13536,-112,70,16057,30,4000,-0.00036,0.01807,7.94045,269.54932,-0.00109,14903,271.73755,272.67798,20.16145,9930,27278,0.05148,0.86357,348.79922,982.02313,26.01891,26.47805,29.68504
2022-08-12 16:24:44,hai-testbed-01,HAI 23.05 industrial testbed,industrial_control_system,5.38531,8.52356,100,97.32208,52.50341,53.29284,52.68095,279.25751,46.19596,228.60992,237.1216,980.94177,16.35735,15.75622,340.70465,22.17206,22.38617,12,11.68976,0.92331,524320,0.32288,0,0,1,1,1,1,11.43585,0,27.48882,524320,524320,1,32.15637,38.30566,28.39069,28.04298,1,1,119.04872,0,0,0,0,12.92742,1,2880,54777,720.68506,924,1,6.8661,-3.3945,10.0159,-1.1955,11.92619,50,50,50,50,1809,13536,-128,70,16119,30,4000,-0.00036,0.01807,7.94045,271.48438,-0.00109,14951,271.73755,272.67798,20.16145,9930,27278,0.05148,0.86117,348.79922,982.02313,124.33527,26.47805,29.67703
2022-08-12 16:24:45,hai-testbed-01,HAI 23.05 industrial testbed,industrial_control_system,5.12481,8.36334,100,97.32208,52.44164,53.29284,51.91799,274.29211,46.19596,240.52695,237.3123,979.63727,16.46984,15.75622,340.6535,22.26837,22.35565,12,11.68976,0.91263,524320,0.32593,0,0,1,1,1,1,11.48094,0,27.48882,524320,524320,1,32.15637,38.30566,28.39069,28.04298,1,1,119.04872,0,0,0,0,12.92742,1,2880,54777,720.68506,924,1,6.8661,-2.7797,10.0159,-1.1955,11.92619,50,50,50,50,1835,13552,-128,70,16203,30,4002,-0.00036,0.01807,7.94045,270.43542,-0.0021,14936,270.32697,272.06305,20.16145,9916,27279,0.05148,0.86334,348.79922,982.02313,228.60992,26.47805,29.68428
2022-08-12 16:24:46,hai-testbed-01,HAI 23.05 industrial testbed,industrial_control_system,5.04935,6.7688,100,97.32971,52.50075,53.29284,51.72729,270.31964,21.59114,240.52695,237.1216,980.07202,16.51681,15.7486,340.29568,22.28245,22.35565,12,11.68976,0.91034,524320,0.34729,0,0,1,1,1,1,11.52604,0,27.48882,524320,524320,1,32.15637,38.32093,28.39069,28.03949,1,1,119.04872,0,0,0,0,12.92742,1,2880,54777,720.82513,923,1,6.5427,-2.9649,9.7075,-1.0952,11.98277,50,50,50,50,1817,13560,-128,70,16255,30,4016,-0.00036,0.01807,7.94045,271.39398,-0.00159,14965,271.12268,272.40668,20.16145,9913,27283,0.05148,0.86105,348.79922,982.02313,240.52695,26.47805,29.67665
2022-08-12 16:24:47,hai-testbed-01,HAI 23.05 industrial testbed,industrial_control_system,7.00339,4.87671,100,97.32971,52.49203,53.29284,50.58285,269.32672,6.14167,112.41788,237.1216,979.63727,16.6482,15.7486,339.98901,22.27528,22.35565,12,11.68976,0.90805,524320,0.36713,0,0,1,1,1,1,11.57113,0,27.48882,524320,524320,1,32.15637,38.35144,28.39069,28.03081,1,1,119.04872,0,0,0,0,12.92742,1,2880,54778,720.72913,924,1,7.4113,-3.2491,10.2103,-1.0162,11.94761,50,50,50,50,1818,13576,-128,70,16313,30,4006,-0.00036,0.01807,7.94045,271.66522,-0.00043,14962,271.66522,272.62372,20.16145,9913,27279,0.05148,0.86231,348.79922,982.02313,240.52695,26.47805,29.68084
2022-08-12 16:24:48,hai-testbed-01,HAI 23.05 industrial testbed,industrial_control_system,8.24245,4.6402,100,97.32971,52.5181,53.29284,50.39215,263.36804,4.61575,31.9776,237.1216,979.63727,16.75709,15.7486,339.6312,22.26209,22.35565,12,11.68976,0.90729,524320,0.37094,0,0,1,1,1,1,11.57113,0,27.48882,524320,524320,1,32.14111,38.35144,28.39069,28.03686,1,1,119.04872,0,0,0,0,12.92742,1,2880,54777,720.75488,925,1,6.917,-2.5254,9.7318,-0.7998,12.03598,50,50,50,50,1835,13584,-128,70,16323,30,4017,-0.00014,0.01807,7.94045,273.23859,-0.00109,14958,273.112,272.71411,20.16145,9913,27279,0.05148,0.86208,348.79922,982.02313,112.41788,26.47805,29.68008
2022-08-12 16:24:49,hai-testbed-01,HAI 23.05 industrial testbed,industrial_control_system,8.35828,4.70886,100,97.32971,52.52765,53.29284,50.20137,262.37509,4.99723,24.03268,236.35864,979.63727,16.75709,15.7486,339.52893,22.26209,22.35565,12,11.68976,0.90729,524320,0.3717,0,0,1,1,1,1,11.61622,0,27.48882,524320,524320,1,32.15637,38.35144,28.39069,28.03686,1,1,119.04872,0,0,0,0,12.92742,1,2880,54777,720.75488,925,1,6.917,-3.4083,9.7318,-0.7998,12.03598,50,50,50,50,1827,13600,-128,70,16423,30,3997,-0.00014,0.01807,7.94045,272.69604,-0.00072,14964,273.31091,272.67798,20.16145,9913,27278,0.05148,0.86208,348.79922,982.02313,31.97761,26.47805,29.69267
2022-08-12 16:24:50,hai-testbed-01,HAI 23.05 industrial testbed,industrial_control_system,8.31927,6.49414,100,97.32971,52.53719,53.29284,51.15511,261.38181,24.45219,26.01891,236.93082,977.89771,16.87604,15.7486,339.27338,22.26294,22.46246,12,11.68976,0.90652,524320,0.33737,0,0,1,1,1,1,11.66132,0,27.48882,524320,524320,1,32.14111,38.3667,28.39069,28.03426,1,1,119.04872,0,0,0,0,12.92742,1,2880,54778,720.68536,922,1,7.3702,-2.7266,9.9947,-0.8026,11.99979,50,50,50,50,1850,13608,-128,70,16529,30,4007,-0.00036,0.01807,7.94045,274.07043,0.00094,15034,273.94385,273.88959,20.16145,9913,27272,0.05148,0.86586,348.79922,982.02313,24.03268,26.47805,29.69763
2022-08-12 16:24:51,hai-testbed-01,HAI 23.05 industrial testbed,industrial_control_system,6.7064,8.05054,100,97.32971,52.6198,53.29284,50.77363,266.34756,44.09786,127.31442,236.54935,979.20227,17.02578,15.7486,339.06891,22.25404,22.47009,12,11.68976,0.90652,524320,0.32288,0,0,1,1,1,1,11.7515,0,27.48882,524320,524320,1,32.17162,38.3667,28.39069,28.02736,1,1,119.04872,0,0,0,0,12.92742,1,2880,54778,720.68549,923,1,6.5278,-3.0173,9.7098,-1.1282,11.9788,50,50,50,50,1873,13616,-128,70,16615,30,3981,-0.00036,0.01807,7.94045,273.00348,0.00195,15019,273.00348,273.79919,20.16145,9913,27280,0.05148,0.86449,348.79922,982.02313,26.01891,26.47805,29.68809
2022-08-12 16:24:52,hai-testbed-01,HAI 23.05 industrial testbed,industrial_control_system,5.04602,8.18023,100,97.32208,52.5815,53.29284,52.49024,264.36136,46.38673,229.60286,235.97716,978.33252,17.084,15.81726,338.91556,22.21943,22.47772,12,11.68976,0.90652,524320,0.32211,0,0,1,1,1,1,11.7966,0,27.48882,524320,524320,1,32.14111,38.38195,28.39069,28.0326,1,1,119.04872,0,0,0,0,12.92742,1,2880,54777,720.82574,923,1,7.4557,-3.2021,10.2279,-0.9865,11.94795,50,50,50,50,1782,13632,-144,70,16611,30,4012,-0.00014,0.01807,7.94045,273.65454,0.00152,14971,273.49176,273.34711,20.16145,9913,27278,0.05148,0.8654,348.79922,982.02313,127.31442,26.47805,29.69114
2022-08-12 16:24:53,hai-testbed-01,HAI 23.05 industrial testbed,industrial_control_system,4.7852,8.0658,100,97.32208,52.62932,53.29284,52.10876,273.29919,45.62378,241.52025,236.93082,977.02789,17.21871,16.3208,338.76221,22.20322,22.47772,12,11.68976,0.90042,524320,0.32516,0,0,1,1,1,1,11.84169,0,27.48882,524320,524320,1,32.15637,38.38195,28.39069,28.03081,1,1,119.04872,0,0,0,0,12.92742,1,2880,54777,720.66882,924,1,6.884,-2.5607,9.7243,-0.871,12.03269,50,50,50,50,1837,13640,-144,70,16687,30,3995,-0.00014,0.01807,7.94045,274.07043,0.00065,14989,274.75769,273.61835,20.16145,9913,27279,0.05148,0.86334,348.79922,982.02313,229.60286,26.47805,29.68428
2022-08-12 16:24:54,hai-testbed-01,HAI 23.05 industrial testbed,industrial_control_system,4.77237,6.46362,100,97.32208,52.69888,53.29284,52.10876,271.31296,17.39503,237.54778,236.54935,979.20227,17.36722,16.34369,338.71109,22.20388,22.47009,12,11.68976,0.89508,524320,0.34729,0,0,1,1,1,1,11.88679,0,27.48882,524320,524320,1,32.17162,38.38195,28.39069,28.03081,1,1,119.04872,0,0,0,0,12.92742,1,2880,54777,720.66882,924,1,6.884,-3.3897,9.7243,-0.871,12.03269,50,50,50,50,1836,13648,-144,70,16698,30,4025,-0.00036,0.01807,7.94045,275.48102,0.00029,15086,275.44489,274.73956,20.16145,9913,27276,0.05148,0.8654,348.79922,982.02313,241.52025,26.47805,29.69114
2022-08-12 16:24:55,hai-testbed-01,HAI 23.05 industrial testbed,industrial_control_system,7.02625,4.68597,100,97.32208,52.62753,53.29284,52.29947,271.31296,5.95089,90.57009,236.54935,978.33252,17.37989,16.34369,338.25101,22.2242,22.47772,12,11.68976,0.89203,524320,0.36713,0,0,1,1,1,1,11.93188,0,27.48882,524320,524320,1,32.17162,38.38195,28.39069,28.03693,1,1,119.04872,0,0,0,0,12.92742,1,2880,54778,720.83331,924,1,7.3791,-2.7391,9.9833,-0.8212,11.99919,50,50,50,50,1849,13656,-128,70,16725,30,4044,-0.00036,0.01807,7.94045,276.5661,0.00087,15099,276.05975,274.99274,20.16145,9913,27279,0.05148,0.86895,348.79922,982.02313,237.54778,26.47805,29.70297
2022-08-12 16:24:56,hai-testbed-01,HAI 23.05 industrial testbed,industrial_control_system,7.02625,4.68597,100,97.32208,52.62753,53.29284,52.29947,271.31296,5.95089,90.57009,237.3123,978.33252,17.63987,17.29736,338.25101,22.24401,22.47772,12,11.68976,0.89127,524320,0.36713,0,0,1,1,1,1,11.97697,0,27.48882,524320,524320,1,32.15637,38.39721,28.39069,28.03345,1,1,119.04872,0,0,0,0,12.92742,1,2880,54777,720.90338,925,1,6.5214,-2.9714,9.6676,-1.0616,11.97408,50,50,50,50,1882,13664,-128,70,16803,30,4036,-0.00036,0.01807,7.94045,275.75232,-0.00101,15076,277.50653,274.66724,20.16145,9913,27283,0.05148,0.86849,348.79922,982.02313,237.54778,26.47805,29.70297
2022-08-12 16:24:57,hai-testbed-01,HAI 23.05 industrial testbed,industrial_control_system,8.02646,4.59442,100,97.32208,52.69011,53.29284,54.58834,281.24371,4.99723,25.02598,236.35864,980.07202,17.65195,17.37366,338.25101,22.23407,22.47009,12,11.68976,0.87982,524320,0.36789,0,0,1,1,1,1,12.02207,0,27.48882,524320,524320,1,32.15637,38.39721,28.39069,28.03517,1,1,119.04872,0,0,0,0,12.92742,1,2880,54778,720.64862,924,1,7.4533,-3.1947,10.2165,-0.9847,11.95057,50,50,50,50,1880,13672,-128,70,16915,30,4019,-0.00014,0.01807,7.94045,276.85547,0.00159,15017,274.97473,274.3056,20.16145,9913,27284,0.05148,0.86723,348.79922,982.02313,30.9843,26.47805,29.69725
2022-08-12 16:24:58,hai-testbed-01,HAI 23.05 industrial testbed,industrial_control_system,8.00288,6.28815,100,97.32208,52.63181,53.29284,54.77904,284.22327,20.44678,26.01891,235.59569,977.89771,17.80023,17.39655,338.1488,22.27615,22.47009,12,11.68976,0.87067,524320,0.34195,0,0,1,1,1,1,12.06716,0,27.48882,524320,524320,1,32.17162,38.41248,28.39069,28.03517,1,1,119.04872,0,0,0,0,12.92742,1,2880,54777,720.64862,924,1,7.4533,-2.5667,10.2165,-0.9847,11.95057,50,50,50,50,1851,13680,-128,70,16917,30,4037,-0.00014,0.01807,7.94045,277.4884,-0.00087,15081,278.04907,275.08319,20.16145,9913,27279,0.05148,0.86998,348.79922,982.02313,25.02598,26.47805,29.7064
2022-08-12 16:24:59,hai-testbed-01,HAI 23.05 industrial testbed,industrial_control_system,6.72039,7.72247,100,97.32971,52.73094,53.29284,54.01608,285.21619,43.33498,106.45957,235.78639,976.15814,17.96414,17.38891,337.94434,22.33234,22.47009,12,11.68976,0.8638,524320,0.32669,0,0,1,1,1,1,12.11225,0,27.48882,524320,524320,1,32.15637,38.41248,28.39069,28.04203,1,1,119.04872,0,0,0,0,12.92742,1,2880,54777,720.78857,925,1,6.923,-3.4047,10.0237,-1.2034,11.92787,50,50,50,50,1905,13688,-144,70,16941,30,4047,-0.00014,0.01807,7.94045,277.39801,0.0008,15094,277.12671,275.37256,20.16145,9913,27275,0.05148,0.86849,348.79922,982.02313,26.01891,26.47805,29.70144
